# Figure-8-style primordial GW spectrum
# V_inf^(1/4) = 1.50000000e+16 GeV
# h = 0.675
# P_T = 9.7269832849655301e-11
# 
# Columns:
# 1: f [Hz]
# 2: k [Mpc^-1]
# 3: Omega_GW h^2
1.5462876577308037e-17 1.0000000000000000e-02 2.6649332452060455e-16
1.5612136021924729e-17 1.0096527605242437e-02 2.6463476667858749e-16
1.5762836232216290e-17 1.0193986968342259e-02 2.6278917065187420e-16
1.5914991115548748e-17 1.0292387083334929e-02 2.6095644604313992e-16
1.6068614713532605e-17 1.0391737031073180e-02 2.5913650308550350e-16
1.6223721203318672e-17 1.0492045980065045e-02 2.5734664687297311e-16
1.6380324898906403e-17 1.0593323187319967e-02 2.5560505815879148e-16
1.6538440252464857e-17 1.0695577999203086e-02 2.5387525561430005e-16
1.6698081855666411e-17 1.0798819852297763e-02 2.5215715947681247e-16
1.6859264441033381e-17 1.0903058274276444e-02 2.5045069052343350e-16
1.7022002883297573e-17 1.1008302884779908e-02 2.4878887253174293e-16
1.7186312200773032e-17 1.1114563396305030e-02 2.4715581225877134e-16
1.7352207556741980e-17 1.1221849615101087e-02 2.4553347145981815e-16
1.7519704260854187e-17 1.1330171442074736e-02 2.4392177977182001e-16
1.7688817770539784e-17 1.1439538873703709e-02 2.4232066729357984e-16
1.7859563692435791e-17 1.1549962002959347e-02 2.4077726619404367e-16
1.8031957783826354e-17 1.1661451020238028e-02 2.3924492007289989e-16
1.8206015954096903e-17 1.1774016214301585e-02 2.3772232605448651e-16
1.8381754266202360e-17 1.1887667973226801e-02 2.3620942207481758e-16
1.8559188938149508e-17 1.2002416785364081e-02 2.3472003755059442e-16
1.8738336344493658e-17 1.2118273240305365e-02 2.3327234662951468e-16
1.8919213017849788e-17 1.2235248029861383e-02 2.3183358468196802e-16
1.9101835650418249e-17 1.2353351949048361e-02 2.3040369663641497e-16
1.9286221095525197e-17 1.2472595897084224e-02 2.2898262776098146e-16
1.9472386369177920e-17 1.2592990878394444e-02 2.2759791720478677e-16
1.9660348651635144e-17 1.2714548003627571e-02 2.2623809004025799e-16
1.9850125288992516e-17 1.2837278490680589e-02 2.2488638742247381e-16
2.0041733794783394e-17 1.2961193665734155e-02 2.2354276080978098e-16
2.0235191851595070e-17 1.3086304964297824e-02 2.2220716195054589e-16
2.0430517312700650e-17 1.3212623932265414e-02 2.2091947511776174e-16
2.0627728203706561e-17 1.3340162226980463e-02 2.1964137930332225e-16
2.0826842724216132e-17 1.3468931618312068e-02 2.1837067771662119e-16
2.1027879249509079e-17 1.3598943989741050e-02 2.1710732757948565e-16
2.1230856332237303e-17 1.3730211339456623e-02 2.1586232920228080e-16
2.1435792704137015e-17 1.3862745781463655e-02 2.1465357023023815e-16
2.1642707277757377e-17 1.3996559546700593e-02 2.1345157991606097e-16
2.1851619148205881e-17 1.4131664984168213e-02 2.1225632035746319e-16
2.2062547594910489e-17 1.4268074562069228e-02 2.1106775386439761e-16
2.2275512083398891e-17 1.4405800868958938e-02 2.0990884536519468e-16
2.2490532267094838e-17 1.4544856614906940e-02 2.0877162774959753e-16
2.2707627989131884e-17 1.4685254632670100e-02 2.0764057120788447e-16
2.2926819284184592e-17 1.4827007878876806e-02 2.0651564236136802e-16
2.3148126380317436e-17 1.4970129435222679e-02 2.0539680801219556e-16
2.3371569700851568e-17 1.5114632509677815e-02 2.0431784758781965e-16
2.3597169866249563e-17 1.5260530437705686e-02 2.0324733493460179e-16
2.3824947696018368e-17 1.5407836683493790e-02 2.0218243117632044e-16
2.4054924210630666e-17 1.5556564841196214e-02 2.0112310692546418e-16
2.4287120633464718e-17 1.5706728636188150e-02 2.0007804920715842e-16
2.4521558392762973e-17 1.5858341926332557e-02 1.9906464387426739e-16
2.4758259123609572e-17 1.6011418703259020e-02 1.9805637149010672e-16
2.4997244669926946e-17 1.6165973093654976e-02 1.9705320605603464e-16
2.5238537086491682e-17 1.6322019360569397e-02 1.9605512170509363e-16
2.5482158640969833e-17 1.6479571904729044e-02 1.9508126135455747e-16
2.5728131815971900e-17 1.6638645265867447e-02 1.9412643177848120e-16
2.5976479311127653e-17 1.6799254124066708e-02 1.9317627563701859e-16
2.6227224045180941e-17 1.6961413301112237e-02 1.9223077005594013e-16
2.6480389158104763e-17 1.7125137761860598e-02 1.9128989227297463e-16
2.6735998013236730e-17 1.7290442615620523e-02 1.9038226481195046e-16
2.6994074199435159e-17 1.7457343117547285e-02 1.8948217455772363e-16
2.7254641533255973e-17 1.7625854670050525e-02 1.8858633975484655e-16
2.7517724061150599e-17 1.7795992824215644e-02 1.8769474028437428e-16
2.7783346061685109e-17 1.7967773281238959e-02 1.8681416974489314e-16
2.8051532047780743e-17 1.8141211893876664e-02 1.8596135183519652e-16
2.8322306768976122e-17 1.8316324667907818e-02 1.8511242709049954e-16
2.8595695213711217e-17 1.8493127763611433e-02 1.8426737773827015e-16
2.8871722611633438e-17 1.8671637497257816e-02 1.8342618608710883e-16
2.9150414435925924e-17 1.8851870342614336e-02 1.8260480032641553e-16
2.9431796405658374e-17 1.9033842932465683e-02 1.8180020771443002e-16
2.9715894488160499e-17 1.9217572060148846e-02 1.8099916029550718e-16
3.0002734901418402e-17 1.9403074681102861e-02 1.8020164244882943e-16
3.0292344116494169e-17 1.9590367914433564e-02 1.7940763862240862e-16
3.0584748859968650e-17 1.9779469044493410e-02 1.7864139378609894e-16
3.0879976116408064e-17 1.9970395522476595e-02 1.7788194316784379e-16
3.1178053130854120e-17 2.0163164968029491e-02 1.7712572116995146e-16
3.1479007411338403e-17 2.0357795170876703e-02 1.7637271406672383e-16
3.1782866731420946e-17 2.0554304092462779e-02 1.7562817128359070e-16
3.2089659132753309e-17 2.0752709867609808e-02 1.7490805122441440e-16
3.2399412927666390e-17 2.0953030806190955e-02 1.7419088384017505e-16
3.2712156701783234e-17 2.1155285394820218e-02 1.7347665702415693e-16
3.3027919316657082e-17 2.1359492298558450e-02 1.7276535871928370e-16
3.3346729912434824e-17 2.1565670362635864e-02 1.7207025036062979e-16
3.3668617910546187e-17 2.1773838614191167e-02 1.7139002208779770e-16
3.3993613016418955e-17 2.1984016264027486e-02 1.7071248289400246e-16
3.4321745222220264e-17 2.2196222708385224e-02 1.7003762214877495e-16
3.4653044809624463e-17 2.2410477530732047e-02 1.6936542926366945e-16
3.4987542352607658e-17 2.2626800503570150e-02 1.6871643495195298e-16
3.5325268720269220e-17 2.2845211590260952e-02 1.6807361466723449e-16
3.5666255079680533e-17 2.3065730946867417e-02 1.6743324356844452e-16
3.6010532898761282e-17 2.3288378924014166e-02 1.6679531232403042e-16
3.6358133949183426e-17 2.3513176068765521e-02 1.6616380926428165e-16
3.6709090309303271e-17 2.3740143126521694e-02 1.6555384544124762e-16
3.7063434367121809e-17 2.3969301042933277e-02 1.6494612070906647e-16
3.7421198823273659e-17 2.4200670965834219e-02 1.6434062684835298e-16
3.7782416694044833e-17 2.4434274247193435e-02 1.6373735566989317e-16
3.8147121314419641e-17 2.4670132445085292e-02 1.6314731041126044e-16
3.8515346341157008e-17 2.4908267325679075e-02 1.6257049484438731e-16
3.8887125755896499e-17 2.5148700865247699e-02 1.6199571863812212e-16
3.9262493868294324e-17 2.5391455252195778e-02 1.6142297458220282e-16
3.9641485319189552e-17 2.5636552889107274e-02 1.6085225549185860e-16
4.0024135083801023e-17 2.5884016394812939e-02 1.6030092902473591e-16
4.0410478474954931e-17 2.6133868606477664e-02 1.5975524494932195e-16
4.0800551146343780e-17 2.6386132581708046e-02 1.5921141844960622e-16
4.1194389095816600e-17 2.6640831600680221e-02 1.5866944320217236e-16
4.1592028668701030e-17 2.6897989168288290e-02 1.5813228322436120e-16
4.1993506561157479e-17 2.7157629016313481e-02 1.5761415642161324e-16
4.2398859823565599e-17 2.7419775105614209e-02 1.5709772728222848e-16
4.2808125863943452e-17 2.7684451628337322e-02 1.5658299024374392e-16
4.3221342451399791e-17 2.7951683010150673e-02 1.5606993976192323e-16
4.3638547719619482e-17 2.8221493912497231e-02 1.5556767972217845e-16
4.4059780170382749e-17 2.8493909234870968e-02 1.5507721081484311e-16
4.4485078677118276e-17 2.8768954117114717e-02 1.5458828824251442e-16
4.4914482488490642e-17 2.9046653941740181e-02 1.5410090712995611e-16
4.5348031232022387e-17 2.9327034336270381e-02 1.5361506261730157e-16
4.5785764917751025e-17 2.9610121175604673e-02 1.5314543116791273e-16
4.6227723941921389e-17 2.9895940584406623e-02 1.5268097655653801e-16
4.6673949090713610e-17 3.0184518939514921e-02 1.5221793052839256e-16
4.7124481544007014e-17 3.0475882872377558e-02 1.5175628881157035e-16
4.7579362879180451e-17 3.0770059271509519e-02 1.5129818721538177e-16
4.8038635074949280e-17 3.1067075284974186e-02 1.5085692630851194e-16
4.8502340515239296e-17 3.1366958322888695e-02 1.5041695233832995e-16
4.8970521993098230e-17 3.1669736059953477e-02 1.4997826155148685e-16
4.9443222714644819e-17 3.1975436438006211e-02 1.4954085020558120e-16
4.9920486303056139e-17 3.2284087668600463e-02 1.4911222583413532e-16
5.0402356802593321e-17 3.2595718235609153e-02 1.4869412848977429e-16
5.0888878682666252e-17 3.2910356897853217e-02 1.4827720345297171e-16
5.1380096841937327e-17 3.3228032691755588e-02 1.4786144743668175e-16
5.1876056612464982e-17 3.3548774934020843e-02 1.4744685716307549e-16
5.2376803763887227e-17 3.3872613224340702e-02 1.4704581717271264e-16
5.2882384507645345e-17 3.4199577448125594e-02 1.4664953762584985e-16
5.3392845501248607e-17 3.4529697779262673e-02 1.4625432602829892e-16
5.3908233852580121e-17 3.4863004682900413e-02 1.4586017950200104e-16
5.4428597124244003e-17 3.5199528918260038e-02 1.4546856875929050e-16
5.4953983337954871e-17 3.5539301541474194e-02 1.4509187340571982e-16
5.5484440978969431e-17 3.5882353908452930e-02 1.4471615351640679e-16
5.6020019000560964e-17 3.6228717677777390e-02 1.4434140656535608e-16
5.6560766828536954e-17 3.6578424813621412e-02 1.4396763003311452e-16
5.7106734365800416e-17 3.6931507588701354e-02 1.4360099325906987e-16
5.7657971996955090e-17 3.7287998587254380e-02 1.4324376756524244e-16
5.8214530592955248e-17 3.7647930708045486e-02 1.4288743051566068e-16
5.8776461515800309e-17 3.8011337167403569e-02 1.4253197989970926e-16
5.9343816623274766e-17 3.8378251502286805e-02 1.4217741351227203e-16
5.9916648273733827e-17 3.8748707573377554e-02 1.4183416687227155e-16
6.0495009330935520e-17 3.9122739568207318e-02 1.4149530275620264e-16
6.1078953168918946e-17 3.9500382004311579e-02 1.4115724823976468e-16
6.1668533676930013e-17 3.9881669732415345e-02 1.4082000138869697e-16
6.2263805264394675e-17 4.0266637939649332e-02 1.4048450309748393e-16
6.2864822865940045e-17 4.0655322152797199e-02 1.4016222400075831e-16
6.3471641946463956e-17 4.1047758241574132e-02 1.3984068422982213e-16
6.4084318506253712e-17 4.1443982421937101e-02 1.3951988208862220e-16
6.4702909086153947e-17 4.1844031259427025e-02 1.3919981588499532e-16
6.5327470772784492e-17 4.2247941672543241e-02 1.3888553504270256e-16
6.5958061203808725e-17 4.2655750936150517e-02 1.3857967494481808e-16
6.6594738573252495e-17 4.3067496684918966e-02 1.3827448842607523e-16
6.7237561636874735e-17 4.3483216916797150e-02 1.3796997400308714e-16
6.7886589717589561e-17 4.3902949996518739e-02 1.3766613019573366e-16
6.8541882710941043e-17 4.4326734659142983e-02 1.3737173718006887e-16
6.9203501090630566e-17 4.4754610013629390e-02 1.3708137984371337e-16
6.9871505914097654e-17 4.5186615546446873e-02 1.3679163622444796e-16
7.0545958828154726e-17 4.5622791125217797e-02 1.3650250502508232e-16
7.1226922074676054e-17 4.6063177002397114e-02 1.3621450923504010e-16
7.1914458496341879e-17 4.6507813818987109e-02 1.3593823529699720e-16
7.2608631542437737e-17 4.6956742608287902e-02 1.3566252170519989e-16
7.3309505274709944e-17 4.7410004799684262e-02 1.3538736732313876e-16
7.4017144373277487e-17 4.7867642222468858e-02 1.3511277101660962e-16
7.4731614142601122e-17 4.8329697109702530e-02 1.3484284679412430e-16
7.5452980517509842e-17 4.8796212102111727e-02 1.3458046066941060e-16
7.6181310069285787e-17 4.9267230252023612e-02 1.3431858511296292e-16
7.6916670011807728e-17 4.9742795027339151e-02 1.3405721913128331e-16
7.7659128207753997e-17 5.0222950315544600e-02 1.3379636173280798e-16
7.8408753174864974e-17 5.0707740427761543e-02 1.3354338797162974e-16
7.9165614092266484e-17 5.1197210102836239e-02 1.3329412865160310e-16
7.9929780806853826e-17 5.1691404511468309e-02 1.3304533457519198e-16
8.0701323839737679e-17 5.2190369260379323e-02 1.3279700487401668e-16
8.1480314392752119e-17 5.2694150396521616e-02 1.3254933675373776e-16
8.2266824355025446e-17 5.3202794411327727e-02 1.3231206480053758e-16
8.3060926309614533e-17 5.3716348245000850e-02 1.3207521757960049e-16
8.3862693540203100e-17 5.4234859290846725e-02 1.3183879433062811e-16
8.4672200037864721e-17 5.4758375399647320e-02 1.3160279429468296e-16
8.5489520507891094e-17 5.5286944884076761e-02 1.3137055189554874e-16
8.6314730376686175e-17 5.5820616523159811e-02 1.3114505819780515e-16
8.7147905798727007e-17 5.6359439566773521e-02 1.3091995155337746e-16
8.7989123663591478e-17 5.6903463740192173e-02 1.3069523129789974e-16
8.8838461603054179e-17 5.7452739248676235e-02 1.3047089676814720e-16
8.9695997998250712e-17 5.8007316782105529e-02 1.3025313150193491e-16
9.0561811986910858e-17 5.8567247519657140e-02 1.3003878145704166e-16
9.1435983470662094e-17 5.9132583134528495e-02 1.2982478415561939e-16
9.2318593122403103e-17 5.9703375798706035e-02 1.2961113901717909e-16
9.3209722393748772e-17 6.0279678187779878e-02 1.2939784546218624e-16
9.4109453522546862e-17 6.0861543485804998e-02 1.2919366814838402e-16
9.5017869540467460e-17 6.1449025390209321e-02 1.2898986522554413e-16
9.5935054280665415e-17 6.2042178116749183e-02 1.2878638380167493e-16
9.6861092385517003e-17 6.2641056404512632e-02 1.2858322336961225e-16
9.7796069314431049e-17 6.3245715520971038e-02 1.2838307088004511e-16
9.8740071351735597e-17 6.3856211267079424e-02 1.2818896047785726e-16
9.9693185614640659e-17 6.4472599982426063e-02 1.2799514356333862e-16
1.0065550006127776e-16 6.5094938550431775e-02 1.2780161969274679e-16
1.0162710349881729e-16 6.5723284403599466e-02 1.2760838842301034e-16
1.0260808559166389e-16 6.6357695528814167e-02 1.2742062594733975e-16
1.0359853686973132e-16 6.6998230472694487e-02 1.2723600008395904e-16
1.0459854873679688e-16 6.7644948346995498e-02 1.2705164173385707e-16
1.0560821347893663e-16 6.8297908834063892e-02 1.2686755050942106e-16
1.0662762427304200e-16 6.8957172192345734e-02 1.2668372602359974e-16
1.0765687519541871e-16 6.9622799261947491e-02 1.2650760032541138e-16
1.0869606123046850e-16 7.0294851470250566e-02 1.2633195991893233e-16
1.0974527827945476e-16 7.0973390837580183e-02 1.2615656336778120e-16
1.1080462316935282e-16 7.1658479982928902e-02 1.2598141033339497e-16
1.1187419366178567e-16 7.2350182129735430e-02 1.2580865242162740e-16
1.1295408846204575e-16 7.3048561111719187e-02 1.2564130513228235e-16
1.1404440722820411e-16 7.3753681378771196e-02 1.2547418044380544e-16
1.1514525058030728e-16 7.4465608002901848e-02 1.2530727806009899e-16
1.1625672010966304e-16 7.5184406684246072e-02 1.2514059768545917e-16
1.1737891838821564e-16 7.5910143757126444e-02 1.2497846565073120e-16
1.1851194897801183e-16 7.6642886196174903e-02 1.2481921097019342e-16
1.1965591644075801e-16 7.7382701622513456e-02 1.2466015922104180e-16
1.2081092634746955e-16 7.8129658309994576e-02 1.2450131014468960e-16
1.2197708528821373e-16 7.8883825191501944e-02 1.2434266348287955e-16
1.2315450088194609e-16 7.9645271865311826e-02 1.2419051695947957e-16
1.2434328178644229e-16 8.0414068601515967e-02 1.2403893556607730e-16
1.2554353770832539e-16 8.1190286348506516e-02 1.2388753918614806e-16
1.2675537941319022e-16 8.1973996739523422e-02 1.2373632759387219e-16
1.2797891873582539e-16 8.2765272099265180e-02 1.2358701052711806e-16
1.2921426859053397e-16 8.3564185450563253e-02 1.2344253789805946e-16
1.3046154298155370e-16 8.4370810521121040e-02 1.2329823415681892e-16
1.3172085701357798e-16 8.5185221750317772e-02 1.2315409910596734e-16
1.3299232690237820e-16 8.6007494296078180e-02 1.2301013254830652e-16
1.3427606998552879e-16 8.6837704041808489e-02 1.2286994395042710e-16
1.3557220473323569e-16 8.7675927603399220e-02 1.2273239102112886e-16
1.3688085075926939e-16 8.8522242336295770e-02 1.2259499208236525e-16
1.3820212883200334e-16 8.9376726342637103e-02 1.2245774696174402e-16
1.3953616088555937e-16 9.0239458478463444e-02 1.2232065548706537e-16
1.4088307003105999e-16 9.1110518360993487e-02 1.2218904940812937e-16
1.4224298056799008e-16 9.1989986375971874e-02 1.2205806237716475e-16
1.4361601799566754e-16 9.2877943685087574e-02 1.2192721576469395e-16
1.4500230902482523e-16 9.3774472233463926e-02 1.2179650942018794e-16
1.4640198158930425e-16 9.4679654757220899e-02 1.2166728981394739e-16
1.4781516485786054e-16 9.5593574791110428e-02 1.2154240742687317e-16
1.4924198924608509e-16 9.6516316676225400e-02 1.2141765322224324e-16
1.5068258642843932e-16 9.7447965567783082e-02 1.2129302706848792e-16
1.5213708935040669e-16 9.8388607442983639e-02 1.2116852883417279e-16
1.5360563224076164e-16 9.9338329108944579e-02 1.2104716480193747e-16
1.5508835062395670e-16 1.0029721821071169e-01 1.2092821189876695e-16
1.5658538133262969e-16 1.0126536323934751e-01 1.2080937589047144e-16
1.5809686252023095e-16 1.0224285354009749e-01 1.2069065666217802e-16
1.5962293367377304e-16 1.0322977932063537e-01 1.2057205409912741e-16
1.6116373562670321e-16 1.0422623165938799e-01 1.2045808015611110e-16
1.6271941057190031e-16 1.0523230251394042e-01 1.2034475811096728e-16
1.6429010207479698e-16 1.0624808472952227e-01 1.2023154267457835e-16
1.6587595508662852e-16 1.0727367204757590e-01 1.2011843374665067e-16
1.6747711595780998e-16 1.0830915911440742e-01 1.2000648030712593e-16
1.6909373245144171e-16 1.0935464148992100e-01 1.1989841001317146e-16
1.7072595375694602e-16 1.1041021565643774e-01 1.1979043704053192e-16
1.7237393050383494e-16 1.1147597902759944e-01 1.1968256130156536e-16
1.7403781477561112e-16 1.1255202995735848e-01 1.1957478270870951e-16
1.7571776012380275e-16 1.1363846774905437e-01 1.1946960056410666e-16
1.7741392158213432e-16 1.1473539266457798e-01 1.1936662121651682e-16
1.7912645568083361e-16 1.1584290593362423e-01 1.1926373063415245e-16
1.8085552046107728e-16 1.1696110976303400e-01 1.1916092874050047e-16
1.8260127548957552e-16 1.1809010734622635e-01 1.1905821545911375e-16
1.8436388187329785e-16 1.1923000287272172e-01 1.1895940618551446e-16
1.8614350227434076e-16 1.2038090153775699e-01 1.1886126453334972e-16
1.8794030092493899e-16 1.2154290955199352e-01 1.1876320384816516e-16
1.8975444364262175e-16 1.2271613415131874e-01 1.1866522406316283e-16
1.9158609784551507e-16 1.2390068360674239e-01 1.1856813134373680e-16
1.9343543256779214e-16 1.2509666723438836e-01 1.1847451489428722e-16
1.9530261847527257e-16 1.2630419540558294e-01 1.1838097236047990e-16
1.9718782788117214e-16 1.2752337955704032e-01 1.1828750368395440e-16
1.9909123476200485e-16 1.2875433220114665e-01 1.1819410880639604e-16
2.0101301477363849e-16 1.2999716693634325e-01 1.1810286184520718e-16
2.0295334526750472e-16 1.3125199845760993e-01 1.1801362514295326e-16
2.0491240530696609e-16 1.3251894256704963e-01 1.1792445586657649e-16
2.0689037568384101e-16 1.3379811618457538e-01 1.1783535396513051e-16
2.0888743893508796e-16 1.3508963735870003e-01 1.1774631938770807e-16
2.1090377935965093e-16 1.3639362527743049e-01 1.1766057715151931e-16
2.1293958303546761e-16 1.3771020027926698e-01 1.1757550483183537e-16
2.1499503783664126e-16 1.3903948386430837e-01 1.1749049402213016e-16
2.1707033345077915e-16 1.4038159870546502e-01 1.1740554467792967e-16
2.1916566139649725e-16 1.4173666865977935e-01 1.1732126579823274e-16
2.2128121504109509e-16 1.4310481877985629e-01 1.1724009961969564e-16
2.2341718961840047e-16 1.4448617532540353e-01 1.1715898959422247e-16
2.2557378224678644e-16 1.4588086577488354e-01 1.1707793568296496e-16
2.2775119194736259e-16 1.4728901883727785e-01 1.1699693784710167e-16
2.2994961966234154e-16 1.4871076446396492e-01 1.1691771325234853e-16
2.3216926827358295e-16 1.5014623386071271e-01 1.1684032054960265e-16
2.3441034262131673e-16 1.5159555949978726e-01 1.1676297907630929e-16
2.3667304952304627e-16 1.5305887513217747e-01 1.1668568879855731e-16
2.3895759779263474e-16 1.5453631579993851e-01 1.1660844968245870e-16
2.4126419825957556e-16 1.5602801784865422e-01 1.1653398629232588e-16
2.4359306378844890e-16 1.5753411894001970e-01 1.1646018462448894e-16
2.4594440929856564e-16 1.5905475806454544e-01 1.1638642969568811e-16
2.4831845178380131e-16 1.6059007555438404e-01 1.1631272147632295e-16
2.5071541033262128e-16 1.6214021309628071e-01 1.1623950946755119e-16
2.5313550614829954e-16 1.6370531374464894e-01 1.1616908486524682e-16
2.5557896256933234e-16 1.6528552193477225e-01 1.1609870293023006e-16
2.5804600509004877e-16 1.6688098349613323e-01 1.1602836363665110e-16
2.6053686138142079e-16 1.6849184566587169e-01 1.1595806695867479e-16
2.6305176131207372e-16 1.7011825710237219e-01 1.1588923120690843e-16
2.6559093696949974e-16 1.7176036789898311e-01 1.1582206291129075e-16
2.6815462268147581e-16 1.7341832959786799e-01 1.1575493354577804e-16
2.7074305503768904e-16 1.7509229520399058e-01 1.1568784308780679e-16
2.7335647291157000e-16 1.7678241919923490e-01 1.1562079151482657e-16
2.7599511748233734e-16 1.7848885755666161e-01 1.1555608126730449e-16
2.7865923225725484e-16 1.8021176775490191e-01 1.1549201707000093e-16
2.8134906309410377e-16 1.8195130879269061e-01 1.1542798838983638e-16
2.8406485822387143e-16 1.8370764120353916e-01 1.1536399520711976e-16
2.8680686827365979e-16 1.8548092707055064e-01 1.1530035841716465e-16
2.8957534628981372e-16 1.8727133004137739e-01 1.1523921630550555e-16
2.9237054776127424e-16 1.8907901534332341e-01 1.1517810661662353e-16
2.9519273064315585e-16 1.9090414979859233e-01 1.1511702933332510e-16
2.9804215538055179e-16 1.9274690183968249e-01 1.1505598443842636e-16
3.0091908493256968e-16 1.9460744152493087e-01 1.1499614259402897e-16
3.0382378479659836e-16 1.9648594055420679e-01 1.1493781978305322e-16
3.0675652303280929e-16 1.9838257228475734e-01 1.1487952655176751e-16
3.0971757028889464e-16 2.0029751174720559e-01 1.1482126288517034e-16
3.1270719982504398e-16 2.0223093566170325e-01 1.1476302876826685e-16
3.1572568753916196e-16 2.0418302245423942e-01 1.1470676466823477e-16
3.1877331199232974e-16 2.0615395227310648e-01 1.1465112374704916e-16
3.2185035443451174e-16 2.0814390700552515e-01 1.1459550981565878e-16
3.2495709883051103e-16 2.1015307029442995e-01 1.1453992286097185e-16
3.2809383188617498e-16 2.1218162755541664e-01 1.1448458131228286e-16
3.3126084307485372e-16 2.1422976599385338e-01 1.1443147639990704e-16
3.3445842466411437e-16 2.1629767462215682e-01 1.1437839612081968e-16
3.3768687174271285e-16 2.1838554427723528e-01 1.1432534046359440e-16
3.4094648224782630e-16 2.2049356763810007e-01 1.1427230941681008e-16
3.4423755699254791e-16 2.2262193924364679e-01 1.1422026321328102e-16
3.4756039969364764e-16 2.2477085551060846e-01 1.1416959500009455e-16
3.5091531699960087e-16 2.2694051475168175e-01 1.1411894926337400e-16
3.5430261851888711e-16 2.2913111719382834e-01 1.1406832599314852e-16
3.5772261684856241e-16 2.3134286499675280e-01 1.1401772517945180e-16
3.6117562760310746e-16 2.3357596227155891e-01 1.1396878356702231e-16
3.6466196944355367e-16 2.3583061509958606e-01 1.1392043893260484e-16
3.6818196410689131e-16 2.3810703155142746e-01 1.1387211480558955e-16
3.7173593643576086e-16 2.4040542170613194e-01 1.1382381117727730e-16
3.7532421440843077e-16 2.4272599767059108e-01 1.1377566499724876e-16
3.7894712916906505e-16 2.4506897359911331e-01 1.1372952571137020e-16
3.8260501505828373e-16 2.4743456571318775e-01 1.1368340513629133e-16
3.8629820964401608e-16 2.4982299232143743e-01 1.1363730326442478e-16
3.9002705375265386e-16 2.5223447383976627e-01 1.1359122008818552e-16
3.9379189150050450e-16 2.5466923281170012e-01 1.1354594500754056e-16
3.9759307032554787e-16 2.5712749392892437e-01 1.1350192572098780e-16
4.0143094101949926e-16 2.5960948405201922e-01 1.1345792349975225e-16
4.0530585776018223e-16 2.6211543223139583e-01 1.1341393833721841e-16
4.0921817814421449e-16 2.6464556972843412e-01 1.1336997022677282e-16
4.1316826322000793e-16 2.6720013003682475e-01 1.1332739188060102e-16
4.1715647752108842e-16 2.6977934890411703e-01 1.1328537870841328e-16
4.2118318909973654e-16 2.7238346435347488e-01 1.1324338111151241e-16
4.2524876956095353e-16 2.7501271670564281e-01 1.1320139908412425e-16
4.2935359409675467e-16 2.7766734860112408e-01 1.1315950553591415e-16
4.3349804152079401e-16 2.8034760502257244e-01 1.1311942225672457e-16
4.3768249430332300e-16 2.8305373331740064e-01 1.1307935317580550e-16
4.4190733860648663e-16 2.8578598322060667e-01 1.1303929828812765e-16
4.4617296431996095e-16 2.8854460687782069e-01 1.1299925758866348e-16
4.5047976509693347e-16 2.9132985886857438e-01 1.1295986997921461e-16
4.5482813839043165e-16 2.9414199622979442e-01 1.1292161263471417e-16
4.5921848549000221e-16 2.9698127847952366e-01 1.1288336824724354e-16
4.6365121155874313e-16 2.9984796764087024e-01 1.1284513681241450e-16
4.6812672567069504e-16 3.0274232826618874e-01 1.1280691832583998e-16
4.7264544084859260e-16 3.0566462746149425e-01 1.1276988961570094e-16
4.7720777410197980e-16 3.0861513491111225e-01 1.1273340475526933e-16
4.8181414646569348e-16 3.1159412290256638e-01 1.1269693169891988e-16
4.8646498303871983e-16 3.1460186635170667e-01 1.1266047044283378e-16
4.9116071302342287e-16 3.1763864282807980e-01 1.1262404272996203e-16
4.9590176976515484e-16 3.2070473258054505e-01 1.1258920567053388e-16
5.0068859079224651e-16 3.2380041856313668e-01 1.1255437938696369e-16
5.0552161785638515e-16 3.2692598646117654e-01 1.1251956387591863e-16
5.1040129697338114e-16 3.3008172471763847e-01 1.1248475913406636e-16
5.1532807846432860e-16 3.3326792455976717e-01 1.1245049264283332e-16
5.2030241699716345e-16 3.3648488002595434e-01 1.1241726740337924e-16
5.2532477162862223e-16 3.3973288799287377e-01 1.1238405198083649e-16
5.3039560584660632e-16 3.4301224820287868e-01 1.1235084637230466e-16
5.3551538761295484e-16 3.4632326329166352e-01 1.1231765057488431e-16
5.4068458940663027e-16 3.4966623881619258e-01 1.1228543459411485e-16
5.4590368826732144e-16 3.5304148328289831e-01 1.1225372013676555e-16
5.5117316583946738e-16 3.5644930817615195e-01 1.1222201463700532e-16
5.5649350841670514e-16 3.5989002798700870e-01 1.1219031809230435e-16
5.6186520698674774e-16 3.6336396024223067e-01 1.1215863050013353e-16
5.6728875727669549e-16 3.6687142553358976e-01 1.1212839602610227e-16
5.7276465979878319e-16 3.7041274754745340e-01 1.1209818703508869e-16
5.7829341989657082e-16 3.7398825309465616e-01 1.1206798618280848e-16
5.8387554779157832e-16 3.7759827214065911e-01 1.1203779346706929e-16
5.8951155863037211e-16 3.8124313783600111e-01 1.1200801663768777e-16
5.9520197253210489e-16 3.8492318654704333e-01 1.1197914250507699e-16
6.0094731463651471e-16 3.8863875788701074e-01 1.1195027581582190e-16
6.0674811515238840e-16 3.9239019474733361e-01 1.1192141656800412e-16
6.1260490940649068e-16 3.9617784332929096e-01 1.1189256475970504e-16
6.1851823789296728e-16 4.0000205317595977e-01 1.1186456870493146e-16
6.2448864632322529e-16 4.0386317720447312e-01 1.1183706120198356e-16
6.3051668567629247e-16 4.0776157173858812e-01 1.1180956046313217e-16
6.3660291224966564e-16 4.1169759654156995e-01 1.1178206648671380e-16
6.4274788771064788e-16 4.1567161484939247e-01 1.1175457927106561e-16
6.4895217914818220e-16 4.1968399340425933e-01 1.1172825064900801e-16
6.5521635912518569e-16 4.2373510248844892e-01 1.1170197285687196e-16
6.6154100573138806e-16 4.2782531595848583e-01 1.1167570124510956e-16
6.6792670263668050e-16 4.3195501127964198e-01 1.1164943581226764e-16
6.7437403914498020e-16 4.3612456956077139e-01 1.1162353922348468e-16
6.8088361024861363e-16 4.4033437558948041e-01 1.1159854702632516e-16
6.8745601668322600e-16 4.4458481786763804e-01 1.1157356042484869e-16
6.9409186498321971e-16 4.4887628864722889e-01 1.1154857941780211e-16
7.0079176753772853e-16 4.5320918396655191e-01 1.1152360400393273e-16
7.0755634264713170e-16 4.5758390368676899e-01 1.1149925908885224e-16
7.1438621458011424e-16 4.6200085152880599e-01 1.1147531492617378e-16
7.2128201363127711e-16 4.6646043511061025e-01 1.1145137590543891e-16
7.2824437617930414e-16 4.7096306598476750e-01 1.1142744202554369e-16
7.3527394474569017e-16 4.7550915967648205e-01 1.1140351328538428e-16
7.4237136805403636e-16 4.8009913572192353e-01 1.1138074414843497e-16
7.4953730108991729e-16 4.8473341770694367e-01 1.1135805694561006e-16
7.5677240516132623e-16 4.8941243330616702e-01 1.1133537436395353e-16
7.6407734795970442e-16 4.9413661432245887e-01 1.1131269640252410e-16
7.7145280362155868e-16 4.9890639672677417e-01 1.1129026925792368e-16
7.7889945279067404e-16 5.0372222069839101e-01 1.1126853962660918e-16
7.8641798268092696e-16 5.0858453066553289e-01 1.1124681423804573e-16
7.9400908713970477e-16 5.1349377534638219e-01 1.1122509309140461e-16
8.0167346671193765e-16 5.1845040779049056e-01 1.1120337618585747e-16
8.0941182870474841e-16 5.2345488542058871e-01 1.1118227329819436e-16
8.1722488725272554e-16 5.2850767007479915e-01 1.1116160344812642e-16
8.2511336338382822e-16 5.3360922804925726e-01 1.1114093744078169e-16
8.3307798508592568e-16 5.3876003014114326e-01 1.1112027527544596e-16
8.4111948737397951e-16 5.4396055169213009e-01 1.1109961695140460e-16
8.4923861235787519e-16 5.4921127263224967e-01 1.1107964089794271e-16
8.5743610931090692e-16 5.5451267752418398e-01 1.1105973404807121e-16
8.6571273473892433e-16 5.5986525560798206e-01 1.1103983076575402e-16
8.7406925245014750e-16 5.6526950084621053e-01 1.1101993105035197e-16
8.8250643362565330e-16 5.7072591196953770e-01 1.1100031806321091e-16
8.9102505689054629e-16 5.7623499252276034e-01 1.1098162174294063e-16
8.9962590838581125e-16 5.8179725091127188e-01 1.1096292857178198e-16
9.0830978184086471e-16 5.8741320044798173e-01 1.1094423854920451e-16
9.1707747864680296e-16 5.9308335940068579e-01 1.1092555167467794e-16
9.2592980793035762e-16 5.9880825103989455e-01 1.1090716099480562e-16
9.3486758662856842e-16 6.0458840368712385e-01 1.1088900217413645e-16
9.4389163956417184e-16 6.1042435076365054e-01 1.1087084632660933e-16
9.5300279952172033e-16 6.1631663083973898e-01 1.1085269345173769e-16
9.6220190732443742e-16 6.2226578768434371e-01 1.1083454354903483e-16
9.7148981191181088e-16 6.2827237031529060e-01 1.1081750284765612e-16
9.8086737041793810e-16 6.3433693304994310e-01 1.1080060657755222e-16
9.9033544825062725e-16 6.4046003555635744e-01 1.1078371288361121e-16
9.9989491917126007e-16 6.4664224290493166e-01 1.1076682176544039e-16
1.0095466653754284e-15 6.5288412562055276e-01 1.1075008434186489e-16
1.0192915775743458e-15 6.5918625973524791e-01 1.1073391373850643e-16
1.0291305550770495e-15 6.6554922684134421e-01 1.1071774549621519e-16
1.0390645058733903e-15 6.7197361414513923e-01 1.1070157961464681e-16
1.0490943467178277e-15 6.7846001452109284e-01 1.1068541609345639e-16
1.0592210032140328e-15 6.8500902656653995e-01 1.1066953737521677e-16
1.0694454099003072e-15 6.9162125465693203e-01 1.1065390534288677e-16
1.0797685103358266e-15 6.9829730900161247e-01 1.1063827551857549e-16
1.0901912571877178e-15 7.0503780570012886e-01 1.1062264790197148e-16
1.1007146123189750e-15 7.1184336679909055e-01 1.1060702249276272e-16
1.1113395468772260e-15 7.1871462034957356e-01 1.1059185639462846e-16
1.1220670413843533e-15 7.2565220046508072e-01 1.1057676621460368e-16
1.1328980858269833e-15 7.3265674738006070e-01 1.1056167809362338e-16
1.1438336797478454e-15 7.3972890750899178e-01 1.1054659203140625e-16
1.1548748323380156e-15 7.4686933350603646e-01 1.1053163516328477e-16
1.1660225625300506e-15 7.5407868432527181e-01 1.1051723749961569e-16
1.1772778990920184e-15 7.6135762528150053e-01 1.1050284171136190e-16
1.1886418807224384e-15 7.6870682811164970e-01 1.1048844779827910e-16
1.2001155561461388e-15 7.7612697103676243e-01 1.1047405576012306e-16
1.2116999842110371e-15 7.8361873882458699e-01 1.1046041773815279e-16
1.2233962339858560e-15 7.9118282285277064e-01 1.1044750218060505e-16
1.2352053848587833e-15 7.9881992117266365e-01 1.1043458813320572e-16
1.2471285266370813e-15 8.0653073857373858e-01 1.1042167559577826e-16
1.2591667596476621e-15 8.1431598664863236e-01 1.1040876456814611e-16
1.2713211948386289e-15 8.2217638385881486e-01 1.1039551277791253e-16
1.2835929538818018e-15 8.3011265560089276e-01 1.1038219518155632e-16
1.2959831692762294e-15 8.3812553427355219e-01 1.1036887919177261e-16
1.3084929844527032e-15 8.4621575934514859e-01 1.1035556480836721e-16
1.3211235538792783e-15 8.5438407742194844e-01 1.1034260807576583e-16
1.3338760431678128e-15 8.6263124231702948e-01 1.1033151745694675e-16
1.3467516291815376e-15 8.7095801511984661e-01 1.1032042795285415e-16
1.3597515001436620e-15 8.7936516426646916e-01 1.1030933956337599e-16
1.3728768557470299e-15 8.8785346561049561e-01 1.1029825228840023e-16
1.3861289072648328e-15 8.9642370249465364e-01 1.1028668599797010e-16
1.3995088776623919e-15 9.0507666582309043e-01 1.1027461149789261e-16
1.4130180017100201e-15 9.1381315413436182e-01 1.1026253831976572e-16
1.4266575260969723e-15 9.2263397367512456e-01 1.1025046646344473e-16
1.4404287095464963e-15 9.3153993847454197e-01 1.1023839592878508e-16
1.4543328229319944e-15 9.4053187041940556e-01 1.1022557313694135e-16
1.4683711493943043e-15 9.4961059932998315e-01 1.1021257511946095e-16
1.4825449844601161e-15 9.5877696303659898e-01 1.1019957863473248e-16
1.4968556361615285e-15 9.6803180745695305e-01 1.1018658368257519e-16
1.5113044251567600e-15 9.7737598667418579e-01 1.1017405223574325e-16
1.5258926848520280e-15 9.8681036301569813e-01 1.1016448513986983e-16
1.5406217615246000e-15 9.9633580713273073e-01 1.1015491887476665e-16
1.5554930144470349e-15 1.0059531980807117e+00 1.1014535344036158e-16
1.5705078160126260e-15 1.0156634234003818e+00 1.1013578883658245e-16
1.5856675518620490e-15 1.0254673791996993e+00 1.1012564849988001e-16
1.6009736210112372e-15 1.0353659702365379e+00 1.1011483158297226e-16
1.6164274359804902e-15 1.0453601100021825e+00 1.1010401572853901e-16
1.6320304229248272e-15 1.0554507208056307e+00 1.1009320093647609e-16
1.6477840217656007e-15 1.0656387338587079e+00 1.1008238720667872e-16
1.6636896863233793e-15 1.0759250893620043e+00 1.1007432287753072e-16
1.6797488844521132e-15 1.0863107365916413e+00 1.1006701370607836e-16
1.6959630981745949e-15 1.0967966339868753e+00 1.1005970501997069e-16
1.7123338238192289e-15 1.1073837492385472e+00 1.1005239681917549e-16
1.7288625721581185e-15 1.1180730593783861e+00 1.1004463045381082e-16
1.7455508685464889e-15 1.1288655508691743e+00 1.1003313236957113e-16
1.7624002530634537e-15 1.1397622196957828e+00 1.1002163548671618e-16
1.7794122806541422e-15 1.1507640714570868e+00 1.1001013980512045e-16
1.7965885212731948e-15 1.1618721214587657e+00 1.0999864532465866e-16
1.8139305600296499e-15 1.1730873948070022e+00 1.0998865518702908e-16
1.8314399973332238e-15 1.1844109265030833e+00 1.0998062387922430e-16
1.8491184490420028e-15 1.1958437615389153e+00 1.0997259315786097e-16
1.8669675466115660e-15 1.2073869549934610e+00 1.0996456302289624e-16
1.8849889372455427e-15 1.2190415721301089e+00 1.0995653347428732e-16
1.9031842840476227e-15 1.2308086884949785e+00 1.0994702396014958e-16
1.9215552661750388e-15 1.2426893900161791e+00 1.0993704554750282e-16
1.9401035789935258e-15 1.2546847731040238e+00 1.0992706804046239e-16
1.9588309342337784e-15 1.2667959447522119e+00 1.0991709143894629e-16
1.9777390601494180e-15 1.2790240226399883e+00 1.0990695142239924e-16
1.9968297016764831e-15 1.2913701352352869e+00 1.0989502030787070e-16
2.0161046205944632e-15 1.3038354218988735e+00 1.0988309048854222e-16
2.0355655956888831e-15 1.3164210329894896e+00 1.0987116196427323e-16
2.0552144229154573e-15 1.3291281299700148e+00 1.0985923473492316e-16
2.0750529155658321e-15 1.3419578855146512e+00 1.0985024999213336e-16
2.0950829044349231e-15 1.3549114836171448e+00 1.0984551862600846e-16
2.1153062379898703e-15 1.3679901197000488e+00 1.0984078746366850e-16
2.1357247825406254e-15 1.3811950007250449e+00 1.0983605650510490e-16
2.1563404224121826e-15 1.3945273453043265e+00 1.0983132575030847e-16
2.1771550601184741e-15 1.4079883838130585e+00 1.0982114963733392e-16
2.1981706165379430e-15 1.4215793585029228e+00 1.0980899811128586e-16
2.2193890310908133e-15 1.4353015236167597e+00 1.0979684792978378e-16
2.2408122619180662e-15 1.4491561455043145e+00 1.0978469909267890e-16
2.2624422860621501e-15 1.4631445027391037e+00 1.0977311729097608e-16
2.2842810996494309e-15 1.4772678862364081e+00 1.0977063368938190e-16
2.3063307180744028e-15 1.4915275993724038e+00 1.0976815014397910e-16
2.3285931761856825e-15 1.5059249581044458e+00 1.0976566665476614e-16
2.3510705284737909e-15 1.5204612910925099e+00 1.0976318322174179e-16
2.3737648492607557e-15 1.5351379398218084e+00 1.0975545375342103e-16
2.3966782328915370e-15 1.5499562587265892e+00 1.0973928869011937e-16
2.4198127939273070e-15 1.5649176153151299e+00 1.0972312600764945e-16
2.4431706673405883e-15 1.5800233902959373e+00 1.0970696570566067e-16
2.4667540087122841e-15 1.5952749777051678e+00 1.0969080778380239e-16
2.4905649944306020e-15 1.6106737850352739e+00 1.0968766233083597e-16
2.5146058218919046e-15 1.6262212333648967e+00 1.0968987667469074e-16
2.5388787097034966e-15 1.6419187574900085e+00 1.0969209106324807e-16
2.5633858978883653e-15 1.6577678060563232e+00 1.0969430549650866e-16
2.5881296480919054e-15 1.6737698416929860e+00 1.0969651856033581e-16
2.6131122437906320e-15 1.6899263411475498e+00 1.0969869035342754e-16
2.6383359905029120e-15 1.7062387954222584e+00 1.0970086218951686e-16
2.6638032160017301e-15 1.7227087099116436e+00 1.0970303406860462e-16
2.6895162705295054e-15 1.7393376045414497e+00 1.0970520599069167e-16
2.7154775270149836e-15 1.7561270139089000e+00 1.0969324128958362e-16
2.7416893812922251e-15 1.7730784874243180e+00 1.0965592819832877e-16
2.7681542523217007e-15 1.7901935894541132e+00 1.0961862779943987e-16
2.7948745824135294e-15 1.8074738994651502e+00 1.0958134008859984e-16
2.8218528374528626e-15 1.8249210121705084e+00 1.0954406506149241e-16
2.8490915071274530e-15 1.8425365376766507e+00 1.0954707254854922e-16
2.8765931051574108e-15 1.8603221016320126e+00 1.0956879340218787e-16
2.9043601695271861e-15 1.8782793453770243e+00 1.0959051856260962e-16
2.9323952627197839e-15 1.8964099260955820e+00 1.0961224803066845e-16
2.9607009719532448e-15 1.9147155169679815e+00 1.0963376646968838e-16
2.9892799094194054e-15 1.9331978073253271e+00 1.0962735717429242e-16
3.0181347125249638e-15 1.9518585028054316e+00 1.0962094825359007e-16
3.0472680441348751e-15 1.9706993255102214e+00 1.0961453970755939e-16
3.0766825928180893e-15 1.9897220141646601e+00 1.0960813153617846e-16
3.1063810730956724e-15 2.0089283242772078e+00 1.0959572389863728e-16
3.1363662256913076e-15 2.0283200283018257e+00 1.0957127536913071e-16
3.1666408177842325e-15 2.0478989158015506e+00 1.0954683229358342e-16
3.1972076432645989e-15 2.0676667936136415e+00 1.0952239467077835e-16
3.2280695229913137e-15 2.0876254860163250e+00 1.0949796249949932e-16
3.2592293050523583e-15 2.1077768348971482e+00 1.0947994225019259e-16
3.2906898650276266e-15 2.1281226999229590e+00 1.0946526393622888e-16
3.3224541062542938e-15 2.1486649587115223e+00 1.0945058759023225e-16
3.3545249600947570e-15 2.1694055070047988e+00 1.0943591321193846e-16
3.3869053862071498e-15 2.1903462588438916e+00 1.0942124080108404e-16
3.4195983728184794e-15 2.2114891467456852e+00 1.0937987400851328e-16
3.4526069370003892e-15 2.2328361218811854e+00 1.0933803945817291e-16
3.4859341249475931e-15 2.2543891542555832e+00 1.0929622090830444e-16
3.5195830122590016e-15 2.2761502328900649e+00 1.0925441835278799e-16
3.5535567042215338e-15 2.2981213660053541e+00 1.0924675486750522e-16
3.5878583360967054e-15 2.3203045812070520e+00 1.0931613181174197e-16
3.6224910734099586e-15 2.3427019256727490e+00 1.0938555281367542e-16
3.6574581122427959e-15 2.3653154663409528e+00 1.0945501790128435e-16
3.6927626795277279e-15 2.3881472901018319e+00 1.0952452710256504e-16
3.7284080333460740e-15 2.4111995039898066e+00 1.0952605291567943e-16
3.7643974632286300e-15 2.4344742353779956e+00 1.0948797127689863e-16
3.8007342904592470e-15 2.4579736321745411e+00 1.0944990287890531e-16
3.8374218683813320e-15 2.4816998630208276e+00 1.0941184771709595e-16
3.8744635827073126e-15 2.5056551174916160e+00 1.0937380578686834e-16
3.9118628518310896e-15 2.5298416062971083e+00 1.0925087333124199e-16
3.9496231271435006e-15 2.5542615614869626e+00 1.0912424787029039e-16
3.9877478933508308e-15 2.5789172366562769e+00 1.0899776917253501e-16
4.0262406687964045e-15 2.6038109071535644e+00 1.0887143706787236e-16
4.0651050057852673e-15 2.6289448702907317e+00 1.0878887368830570e-16
4.1043444909120170e-15 2.6543214455550874e+00 1.0881764707973413e-16
4.1439627453917900e-15 2.6799429748233949e+00 1.0884642808138967e-16
4.1839634253944443e-15 2.7058118225779948e+00 1.0887521669528548e-16
4.2243502223819719e-15 2.7319303761250078e+00 1.0890401292343456e-16
4.2651268634491599e-15 2.7583010458146493e+00 1.0895949674582325e-16
4.3062971116675537e-15 2.7849262652636693e+00 1.0903233381195622e-16
4.3478647664327232e-15 2.8118084915799360e+00 1.0910521956809195e-16
4.3898336638148958e-15 2.8389502055891924e+00 1.0917815404677871e-16
4.4322076769129647e-15 2.8663539120639974e+00 1.0925113728058649e-16
4.4749907162119203e-15 2.8940221399548802e+00 1.0921278479395218e-16
4.5181867299437281e-15 2.9219574426237243e+00 1.0916623865155199e-16
4.5617997044516905e-15 2.9501623980794029e+00 1.0911971234697025e-16
4.6058336645583289e-15 2.9786396092156919e+00 1.0907320587175190e-16
4.6502926739368107e-15 3.0073917040514782e+00 1.0903821736889675e-16
4.6951808354859673e-15 3.0364213359732841e+00 1.0903662328556407e-16
4.7405022917089323e-15 3.0657311839801387e+00 1.0903502922553611e-16
4.7862612250954273e-15 3.0953239529308054e+00 1.0903343518881228e-16
4.8324618585077466e-15 3.1252023737934018e+00 1.0903184117539266e-16
4.8791084555704640e-15 3.1553692038974277e+00 1.0903024718527671e-16
4.9262053210638981e-15 3.1858272271882231e+00 1.0902872175152652e-16
4.9737568013213842e-15 3.2165792544838867e+00 1.0902720831795211e-16
5.0217672846303682e-15 3.2476281237346702e+00 1.0902569490538578e-16
5.0702412016373864e-15 3.2789767002848800e+00 1.0902418151382698e-16
5.1191830257569459e-15 3.3106278771373048e+00 1.0902266814327587e-16
5.1685972735843513e-15 3.3425845752201968e+00 1.0902118891514103e-16
5.2184885053125210e-15 3.3748497436568283e+00 1.0901975204564666e-16
5.2688613251528204e-15 3.4074263600376531e+00 1.0901831519508984e-16
5.3197203817599703e-15 3.4403174306950923e+00 1.0901687836347013e-16
5.3710703686610386e-15 3.4735259909809737e+00 1.0901544155078766e-16
5.4229160246885854e-15 3.5070551055466495e+00 1.0901400775571247e-16
5.4752621344179873e-15 3.5409078686258173e+00 1.0901264357202420e-16
5.5281135286089842e-15 3.5750874043200729e+00 1.0901127940540731e-16
5.5814750846514791e-15 3.6095968668872147e+00 1.0900991525586117e-16
5.6353517270156532e-15 3.6444394410323375e+00 1.0900855112338597e-16
5.6897484277064178e-15 3.6796183422017315e+00 1.0900718700798113e-16
5.7446702067222611e-15 3.7151368168796197e+00 1.0900586678503506e-16
5.8001221325185091e-15 3.7509981428877599e+00 1.0900457165033529e-16
5.8561093224750753e-15 3.7872056296879384e+00 1.0900327653102344e-16
5.9126369433687188e-15 3.8237626186873839e+00 1.0900198142709933e-16
5.9697102118498541e-15 3.8606724835471282e+00 1.0900068633856276e-16
6.0273343949239736e-15 3.8979386304933463e+00 1.0899940640155539e-16
6.0855148104377126e-15 3.9355644986316971e+00 1.0899817675341858e-16
6.1442568275696047e-15 3.9735535602647043e+00 1.0899694711915353e-16
6.2035658673255839e-15 4.0119093212121957e+00 1.0899571749876046e-16
6.2634474030392516e-15 4.0506353211348385e+00 1.0899448789223881e-16
6.3239069608769857e-15 4.0897351338607963e+00 1.0899325829958886e-16
6.3849501203479292e-15 4.1292123677155406e+00 1.0899208008121279e-16
6.4465825148188888e-15 4.1690706658548438e+00 1.0899091266094497e-16
6.5088098320342129e-15 4.2093137066009900e+00 1.0898974525318141e-16
6.5716378146406834e-15 4.2499452037822270e+00 1.0898857785792205e-16
6.6350722607174733e-15 4.2909689070754951e+00 1.0898741047516691e-16
6.6991190243112314e-15 4.3323886023524700e+00 1.0898626797306099e-16
6.7637840159763137e-15 4.3742081120289420e+00 1.0898515961419241e-16
6.8290732033202412e-15 4.4164312954175617e+00 1.0898405126659529e-16
6.8949926115544204e-15 4.4590620490840029e+00 1.0898294293026998e-16
6.9615483240501862e-15 4.5021043072065545e+00 1.0898183460521610e-16
7.0287464829001930e-15 4.5455620419391858e+00 1.0898072721851342e-16
7.0965932894852483e-15 4.5894392637781172e+00 1.0897967495756164e-16
7.1650950050466056e-15 4.6337400219319287e+00 1.0897862270676979e-16
7.2342579512637754e-15 4.6784684046952414e+00 1.0897757046613809e-16
7.3040885108379314e-15 4.7236285398260058e+00 1.0897651823566610e-16
7.3745931280809294e-15 4.7692245949264294e+00 1.0897546601535388e-16
7.4457783095100294e-15 4.8152607778275875e+00 1.0897444576022814e-16
7.5176506244483370e-15 4.8617413369777411e+00 1.0897344580859587e-16
7.5902167056310685e-15 4.9086705618344038e+00 1.0897244586613918e-16
7.6634832498176389e-15 4.9560527832601959e+00 1.0897144593285776e-16
7.7374570184096823e-15 5.0038923739225183e+00 1.0897044600875198e-16
7.8121448380750191e-15 5.0521937486970820e+00 1.0896945693001640e-16
7.8875536013776670e-15 5.1009613650753369e+00 1.0896850946463281e-16
7.9636902674139008e-15 5.1501997235758283e+00 1.0896756200748741e-16
8.0405618624544992e-15 5.1999133681595326e+00 1.0896661455857973e-16
8.1181754805931379e-15 5.2501068866491902e+00 1.0896566711791012e-16
8.1965382844010920e-15 5.3007849111526975e+00 1.0896471968547827e-16
8.2756575055882099e-15 5.3519521184905789e+00 1.0896380995517536e-16
8.3555404456703148e-15 5.4036132306275881e+00 1.0896290955695022e-16
8.4361944766430011e-15 5.4557730151084707e+00 1.0896200916616549e-16
8.5176270416619840e-15 5.5084362854979441e+00 1.0896110878282075e-16
8.5998456557299719e-15 5.5616079018249112e+00 1.0896020840691611e-16
8.6828579063901887e-15 5.6152927710309681e+00 1.0895932611394380e-16
8.7666714544266108e-15 5.6694958474232475e+00 1.0895847131362298e-16
8.8512940345709160e-15 5.7242221331316188e+00 1.0895761652000819e-16
8.9367334562162955e-15 5.7794766785703136e+00 1.0895676173309937e-16
9.0229976041381487e-15 5.8352645829040046e+00 1.0895590695289645e-16
9.1100944392217198e-15 5.8915909945183786e+00 1.0895505217939921e-16
9.1980319991967713e-15 5.9484611114952557e+00 1.0895424134533886e-16
9.2868183993793392e-15 6.0058801820922900e+00 1.0895343088158137e-16
9.3764618334206900e-15 6.0638535052273284e+00 1.0895262042385259e-16
9.4669705740634107e-15 6.1223864309673832e+00 1.0895180997215245e-16
9.5583529739049063e-15 6.1814843610223908e+00 1.0895099952648091e-16
9.6506174661682039e-15 6.2411527492436978e+00 1.0895021198398817e-16
9.7437725654802093e-15 6.3013971021273729e+00 1.0894944056873158e-16
9.8378268686574871e-15 6.3622229793223726e+00 1.0894866915893719e-16
9.9327890554996081e-15 6.4236359941436119e+00 1.0894789775460448e-16
1.0028667889590175e-14 6.4856418140899921e+00 1.0894712635573389e-16
1.0125472219105562e-14 6.5482461613674250e+00 1.0894636224549438e-16
1.0223210977631471e-14 6.6114548134169029e+00 1.0894563090318745e-16
1.0321893184987368e-14 6.6752736034476756e+00 1.0894489956579011e-16
1.0421527948058874e-14 6.7397084209755613e+00 1.0894416823330195e-16
1.0522124461638199e-14 6.8047652123664673e+00 1.0894343690572335e-16
1.0623692009272681e-14 6.8704499813851454e+00 1.0894270558305402e-16
1.0726239964121513e-14 6.9367687897492516e+00 1.0894200305924587e-16
1.0829777789820749e-14 7.0037277576887487e+00 1.0894130880777399e-16
1.0934315041356662e-14 7.0713330645107169e+00 1.0894061456072657e-16
1.1039861365947515e-14 7.1395909491696061e+00 1.0893992031810336e-16
1.1146426503933858e-14 7.2085077108429987e+00 1.0893922607990414e-16
1.1254020289677416e-14 7.2780897095129307e+00 1.0893854491354245e-16
1.1362652652468651e-14 7.3483433665528217e+00 1.0893788581476081e-16
1.1472333617443094e-14 7.4192751653200713e+00 1.0893722671996684e-16
1.1583073306506503e-14 7.4908916517543744e+00 1.0893656762916052e-16
1.1694881939268971e-14 7.5631994349818159e+00 1.0893590854234182e-16
1.1807769833988037e-14 7.6362051879247916e+00 1.0893524945951054e-16
1.1921747408520913e-14 7.7099156479178168e+00 1.0893462277117860e-16
1.2036825181285891e-14 7.7843376173292880e+00 1.0893399719144020e-16
1.2153013772233028e-14 7.8594779641892289e+00 1.0893337161529413e-16
1.2270323903824231e-14 7.9353436228231189e+00 1.0893274604274075e-16
1.2388766402022751e-14 8.0119415944918160e+00 1.0893212047377964e-16
1.2508352197292270e-14 8.0892789480376717e+00 1.0893151277225069e-16
1.2629092325605633e-14 8.1673628205368871e+00 1.0893091899313745e-16
1.2750997929463270e-14 8.2462004179581410e+00 1.0893032521726089e-16
1.2874080258921504e-14 8.3257990158276094e+00 1.0892973144462094e-16
1.2998350672630768e-14 8.4061659599003775e+00 1.0892913767521762e-16
1.3123820638883817e-14 8.4873086668383468e+00 1.0892854863845247e-16
1.3250501736674090e-14 8.5692346248946745e+00 1.0892798497891717e-16
1.3378405656764282e-14 8.6519513946048416e+00 1.0892742132229840e-16
1.3507544202765214e-14 8.7354666094843587e+00 1.0892685766859646e-16
1.3637929292225144e-14 8.8197879767332381e+00 1.0892629401781124e-16
1.3769572957729563e-14 8.9049232779472494e+00 1.0892573036994266e-16
1.3902487348011630e-14 8.9908803698360380e+00 1.0892518826327004e-16
1.4036684729073312e-14 9.0776671849481883e+00 1.0892465325655667e-16
1.4172177485317368e-14 9.1652917324032792e+00 1.0892411825247125e-16
1.4308978120690214e-14 9.2537620986310003e+00 1.0892358325101360e-16
1.4447099259835878e-14 9.3430864481174076e+00 1.0892304825218355e-16
1.4586553649261056e-14 9.4332730241583924e+00 1.0892252269918875e-16
1.4727354158511407e-14 9.5243301496204023e+00 1.0892201490378072e-16
1.4869513781359242e-14 9.6162662277085218e+00 1.0892150711074004e-16
1.5013045637002649e-14 9.7090897427419662e+00 1.0892099932006648e-16
1.5157962971276176e-14 9.8028092609370461e+00 1.0892049153176046e-16
1.5304279157873261e-14 9.8974334311977099e+00 1.0891998374582169e-16
1.5452007699580384e-14 9.9929709859137059e+00 1.0891950032790838e-16
1.5601162229523201e-14 1.0089430741766446e+01 1.0891901840563710e-16
1.5751756512424668e-14 1.0186821600542661e+01 1.0891853648549830e-16
1.5903804445875297e-14 1.0285152549955892e+01 1.0891805456749161e-16
1.6057320061615738e-14 1.0384432664475932e+01 1.0891757265161718e-16
1.6212317526831649e-14 1.0484671106166253e+01 1.0891710392993197e-16
1.6368811145461155e-14 1.0585877125529533e+01 1.0891664657104339e-16
1.6526815359514862e-14 1.0688060062361339e+01 1.0891618921407534e-16
1.6686344750408655e-14 1.0791229346612047e+01 1.0891573185902782e-16
1.6847414040309322e-14 1.0895394499257085e+01 1.0891527450590078e-16
1.7010038093493208e-14 1.1000565133175575e+01 1.0891482024197485e-16
1.7174231917717964e-14 1.1106750954037466e+01 1.0891438622127313e-16
1.7340010665607517e-14 1.1213961761199204e+01 1.0891395220230075e-16
1.7507389636050460e-14 1.1322207448608088e+01 1.0891351818505814e-16
1.7676384275611880e-14 1.1431498005715310e+01 1.0891308416954508e-16
1.7847010179958872e-14 1.1541843518397851e+01 1.0891265015576152e-16
1.8019283095299754e-14 1.1653254169889239e+01 1.0891223226650707e-16
1.8193218919837236e-14 1.1765740241719326e+01 1.0891182042145691e-16
1.8368833705235569e-14 1.1879312114663101e+01 1.0891140857796413e-16
1.8546143658101862e-14 1.1993980269698691e+01 1.0891099673602869e-16
1.8725165141481742e-14 1.2109755288974597e+01 1.0891058489565064e-16
1.8905914676369380e-14 1.2226647856786263e+01 1.0891017984631545e-16
1.9088408943232162e-14 1.2344668760562080e+01 1.0890978906606010e-16
1.9272664783550015e-14 1.2463828891858897e+01 1.0890939828720687e-16
1.9458699201369649e-14 1.2584139247367162e+01 1.0890900750975564e-16
1.9646529364873763e-14 1.2705610929925735e+01 1.0890861673370676e-16
1.9836172607965411e-14 1.2828255149546521e+01 1.0890822595905998e-16
2.0027646431867666e-14 1.2952083224448991e+01 1.0890785354807407e-16
2.0220968506738709e-14 1.3077106582104671e+01 1.0890748278992117e-16
2.0416156673302531e-14 1.3203336760291739e+01 1.0890711203303063e-16
2.0613228944495361e-14 1.3330785408159780e+01 1.0890674127740228e-16
2.0812203507127986e-14 1.3459464287304829e+01 1.0890637052303589e-16
2.1013098723564119e-14 1.3589385272854795e+01 1.0890600951889004e-16
2.1215933133414974e-14 1.3720560354565347e+01 1.0890565778836006e-16
2.1420725455250200e-14 1.3853001637926399e+01 1.0890530605896624e-16
2.1627494588325302e-14 1.3986721345279259e+01 1.0890495433070843e-16
2.1836259614325783e-14 1.4121731816944568e+01 1.0890460260358655e-16
2.2047039799128083e-14 1.4258045512361127e+01 1.0890425282068091e-16
2.2259854594577540e-14 1.4395675011235717e+01 1.0890391915876955e-16
2.2474723640283481e-14 1.4534633014704015e+01 1.0890358549788045e-16
2.2691666765431701e-14 1.4674932346502722e+01 1.0890325183801364e-16
2.2910703990614350e-14 1.4816585954152989e+01 1.0890291817916909e-16
2.3131855529677587e-14 1.4959606910155303e+01 1.0890258452134662e-16
2.3355141791586970e-14 1.5104008413195853e+01 1.0890226293696876e-16
2.3580583382310916e-14 1.5249803789364597e+01 1.0890194646313058e-16
2.3808201106722326e-14 1.5397006493385037e+01 1.0890162999021210e-16
2.4038015970518550e-14 1.5545630109855910e+01 1.0890131351821328e-16
2.4270049182159915e-14 1.5695688354504822e+01 1.0890099704713418e-16
2.4504322154826926e-14 1.5847195075454019e+01 1.0890068543317102e-16
2.4740856508396362e-14 1.6000164254498333e+01 1.0890038527811636e-16
2.4979674071436587e-14 1.6154610008395572e+01 1.0890008512388897e-16
2.5220796883221828e-14 1.6310546590169167e+01 1.0889978497048871e-16
2.5464247195766160e-14 1.6467988390423589e+01 1.0889948481791594e-16
2.5710047475877037e-14 1.6626949938672375e+01 1.0889918466617042e-16
2.5958220407228612e-14 1.6787445904678968e+01 1.0889889826546189e-16
2.6208788892455126e-14 1.6949491099810530e+01 1.0889861351801701e-16
2.6461776055264462e-14 1.7113100478404803e+01 1.0889832877131665e-16
2.6717205242572091e-14 1.7278289139150164e+01 1.0889804402536083e-16
2.6975100026655715e-14 1.7445072326479025e+01 1.0889775928014958e-16
2.7235484207330545e-14 1.7613465431974639e+01 1.0889748059519459e-16
2.7498381814145728e-14 1.7783483995791535e+01 1.0889720827457618e-16
2.7763817108601894e-14 1.7955143708089633e+01 1.0889693595463893e-16
2.8031814586390130e-14 1.8128460410482202e+01 1.0889666363538249e-16
2.8302398979652558e-14 1.8303450097497823e+01 1.0889639131680704e-16
2.8575595259264748e-14 1.8480128918056415e+01 1.0889612056177464e-16
2.8851428637140145e-14 1.8658513176959566e+01 1.0889586711818596e-16
2.9129924568556761e-14 1.8838619336395201e+01 1.0889561367518715e-16
2.9411108754506329e-14 1.9020464017456813e+01 1.0889536023277819e-16
2.9695007144066062e-14 1.9204064001677317e+01 1.0889510679095890e-16
2.9981645936793444e-14 1.9389436232577761e+01 1.0889485334972967e-16
3.0271051585143976e-14 1.9576597817230926e+01 1.0889460720165867e-16
3.0563250796912398e-14 1.9765566027840091e+01 1.0889436451989692e-16
3.0858270537697397e-14 1.9956358303332959e+01 1.0889412183867581e-16
3.1156138033390120e-14 2.0148992250971034e+01 1.0889387915799574e-16
3.1456880772686719e-14 2.0343485647974504e+01 1.0889363647785650e-16
3.1760526509625149e-14 2.0539856443162790e+01 1.0889339722866089e-16
3.2067103266146454e-14 2.0738122758610984e+01 1.0889316711974772e-16
3.2376639334680761e-14 2.0938302891322227e+01 1.0889293701132082e-16
3.2689163280758244e-14 2.1140415314916240e+01 1.0889270690338018e-16
3.3004703945645303e-14 2.1344478681334181e+01 1.0889247679592579e-16
3.3323290449006183e-14 2.1550511822559926e+01 1.0889224668895768e-16
3.3644952191590257e-14 2.1758533752357980e+01 1.0889202691279241e-16
3.3969718857945310e-14 2.1968563668028168e+01 1.0889180870876545e-16
3.4297620419156940e-14 2.2180620952177247e+01 1.0889159050517595e-16
3.4628687135614482e-14 2.2394725174507638e+01 1.0889137230202368e-16
3.4962949559803532e-14 2.2610896093623413e+01 1.0889115409930865e-16
3.5300438539125518e-14 2.2829153658853716e+01 1.0889094110024617e-16
3.5641185218744485e-14 2.3049518012093795e+01 1.0889073413657256e-16
3.5985221044461244e-14 2.3272009489663780e+01 1.0889052717329208e-16
3.6332577765615407e-14 2.3496648624185433e+01 1.0889032021040521e-16
3.6683287438015348e-14 2.3723456146476995e+01 1.0889011324791166e-16
3.7037382426896519e-14 2.3952452987466337e+01 1.0888990690062548e-16
3.7394895409908182e-14 2.4183660280122556e+01 1.0888971053174005e-16
3.7755859380129164e-14 2.4417099361406244e+01 1.0888951416320894e-16
3.8120307649112581e-14 2.4652791774238565e+01 1.0888931779503195e-16
3.8488273849959959e-14 2.4890759269489337e+01 1.0888912142720909e-16
3.8859791940425127e-14 2.5131023807984317e+01 1.0888892505974014e-16
3.9234896206047997e-14 2.5373607562531859e+01 1.0888873522535097e-16
3.9613621263318538e-14 2.5618532919969120e+01 1.0888854886139740e-16
3.9996002062871438e-14 2.5865822483228033e+01 1.0888836249776279e-16
4.0382073892711490e-14 2.6115499073421233e+01 1.0888817613444717e-16
4.0771872381470153e-14 2.6367585731948079e+01 1.0888798977145033e-16
4.1165433501693509e-14 2.6622105722621040e+01 1.0888780572984958e-16
4.1562793573162040e-14 2.6879082533812600e+01 1.0888762872159296e-16
4.1963989266242354e-14 2.7138539880622876e+01 1.0888745171362406e-16
4.2369057605271332e-14 2.7400501707068170e+01 1.0888727470594294e-16
4.2778035971972897e-14 2.7664992188290629e+01 1.0888709769854932e-16
4.3190962108907840e-14 2.7932035732789274e+01 1.0888692069144369e-16
4.3607874122956816e-14 2.8201656984672507e+01 1.0888675106250498e-16
4.4028810488837081e-14 2.8473880825932419e+01 1.0888658280600350e-16
4.4453810052653138e-14 2.8748732378741000e+01 1.0888641454976201e-16
4.4882912035481619e-14 2.9026237007768557e+01 1.0888624629378053e-16
4.5316156036990824e-14 2.9306420322524492e+01 1.0888607803805903e-16
4.5753582039095151e-14 2.9589308179720650e+01 1.0888591334874654e-16
4.6195230409644880e-14 2.9874926685657538e+01 1.0888575323118819e-16
4.6641141906151446e-14 3.0163302198633531e+01 1.0888559311386529e-16
4.7091357679548790e-14 3.0454461331377335e+01 1.0888543299677784e-16
4.7545919277990985e-14 3.0748430953503963e+01 1.0888527287992603e-16
4.8004868650686457e-14 3.1045238193994379e+01 1.0888511301344818e-16
4.8468248151769310e-14 3.1344910443699114e+01 1.0888496041447043e-16
4.8936100544207957e-14 3.1647475357866007e+01 1.0888480781570656e-16
4.9408469003751519e-14 3.1952960858692396e+01 1.0888465521715635e-16
4.9885397122914252e-14 3.2261395137901886e+01 1.0888450261882019e-16
5.0366928914998535e-14 3.2572806659346057e+01 1.0888435002069789e-16
5.0853108818156632e-14 3.2887224161631217e+01 1.0888420173460604e-16
5.1343981699491606e-14 3.3204676660770566e+01 1.0888405599933450e-16
5.1839592859197947e-14 3.3525193452861927e+01 1.0888391026425798e-16
5.2339988034742081e-14 3.3848804116791349e+01 1.0888376452937635e-16
5.2845213405083237e-14 3.4175538516962774e+01 1.0888361879468999e-16
5.3355315594935056e-14 3.4505426806054082e+01 1.0888347444389641e-16
5.3870341679068415e-14 3.4838499427799746e+01 1.0888333490428516e-16
5.4390339186655652e-14 3.5174787119800300e+01 1.0888319536485257e-16
5.4915356105656821e-14 3.5514320916358983e+01 1.0888305582559898e-16
5.5445440887248300e-14 3.5857132151345738e+01 1.0888291628652402e-16
5.5980642450294013e-14 3.6203252461088837e+01 1.0888277674762809e-16
5.6521010185860012e-14 3.6552713787294465e+01 1.0888264156490972e-16
5.7066593961772467e-14 3.6905548379994443e+01 1.0888250734884079e-16
5.7617444127219716e-14 3.7261788800522424e+01 1.0888237313293731e-16
5.8173611517398753e-14 3.7621467924518811e+01 1.0888223891719928e-16
5.8735147458206595e-14 3.7984618944964708e+01 1.0888210470162666e-16
5.9302103770976814e-14 3.8351275375245109e+01 1.0888197257664310e-16
5.9874532777261904e-14 3.8721471052241675e+01 1.0888184341729767e-16
6.0452487303661792e-14 3.9095240139455399e+01 1.0888171425810527e-16
6.1036020686698920e-14 3.9472617130159364e+01 1.0888158509906627e-16
6.1625186777740422e-14 3.9853636850581957e+01 1.0888145594018049e-16
6.2220039947967736e-14 4.0238334463120800e+01 1.0888132681329205e-16
6.2820635093394350e-14 4.0626745469587732e+01 1.0888120139728890e-16
6.3427027639931791e-14 4.1018905714485065e+01 1.0888107598143018e-16
6.4039273548504639e-14 4.1414851388313522e+01 1.0888095056571612e-16
6.4657429320214887e-14 4.1814619030912056e+01 1.0888082515014633e-16
6.5281552001556150e-14 4.2218245534829940e+01 1.0888069973472119e-16
6.5911699189678143e-14 4.2625768148731375e+01 1.0888057613459909e-16
6.6547929037702015e-14 4.3037224480832968e+01 1.0888045372690046e-16
6.7190300260087313e-14 4.3452652502374569e+01 1.0888033131933960e-16
6.7838872138049970e-14 4.3872090551123172e+01 1.0888020891191618e-16
6.8493704525033364e-14 4.4295577334911101e+01 1.0888008650463057e-16
6.9154857852231834e-14 4.4723151935208122e+01 1.0887996449847320e-16
6.9822393134167536e-14 4.5154853810728056e+01 1.0887984411052459e-16
7.0496371974321264e-14 4.5590722801070250e+01 1.0887972372270907e-16
7.1176856570817382e-14 4.6030799130396154e+01 1.0887960333502668e-16
7.1863909722163933e-14 4.6475123411141439e+01 1.0887948294747739e-16
7.2557594833047857e-14 4.6923736647763860e+01 1.0887936256006120e-16
7.3257975920186367e-14 4.7376680240527406e+01 1.0887924289553562e-16
7.3965117618234748e-14 4.7833995989322887e+01 1.0887912341906021e-16
7.4679085185751093e-14 4.8295726097525460e+01 1.0887900394271613e-16
7.5399944511218744e-14 4.8761913175889340e+01 1.0887888446650292e-16
7.6127762119126805e-14 4.9232600246480168e+01 1.0887876499042102e-16
7.6862605176109339e-14 4.9707830746645264e+01 1.0887864538697729e-16
7.7604541497143804e-14 5.0187648533022269e+01 1.0887852558315628e-16
7.8353639551809487e-14 5.0672097885586453e+01 1.0887840577946731e-16
7.9109968470606013e-14 5.1161223511737056e+01 1.0887828597590999e-16
7.9873598051333249e-14 5.1655070550423162e+01 1.0887816617248466e-16
8.0644598765532461e-14 5.2153684576309310e+01 1.0887804636919095e-16
8.1423041764989870e-14 5.2657111603981370e+01 1.0887792487002302e-16
8.2208998888302819e-14 5.3165398092192980e+01 1.0887780334296269e-16
8.3002542667509432e-14 5.3678590948153001e+01 1.0887768181603780e-16
8.3803746334782232e-14 5.4196737531854367e+01 1.0887756028924857e-16
8.4612683829186347e-14 5.4719885660444646e+01 1.0887743876259519e-16
8.5429429803503038e-14 5.5248083612638922e+01 1.0887731529753092e-16
8.6254059631118947e-14 5.5781380133175119e+01 1.0887719042184341e-16
8.7086649412981976e-14 5.6319824437312469e+01 1.0887706554629912e-16
8.7927275984624251e-14 5.6863466215373293e+01 1.0887694067089788e-16
8.8776016923252914e-14 5.7412355637328716e+01 1.0887681579564007e-16
8.9632950554909314e-14 5.7966543357428570e+01 1.0887669002729652e-16
9.0498155961697215e-14 5.8526080518876022e+01 1.0887656001399894e-16
9.1371712989081150e-14 5.9091018758547335e+01 1.0887643000085678e-16
9.2253702253254681e-14 5.9661410211757193e+01 1.0887629998786969e-16
9.3144205148580224e-14 6.0237307517069951e+01 1.0887616997503803e-16
9.4043303855100509e-14 6.0818763821157461e+01 1.0887603996236147e-16
9.4951081346122482e-14 6.1405832783703630e+01 1.0887590440249527e-16
9.5867621395874590e-14 6.1998568582356476e+01 1.0887576717533562e-16
9.6793008587237851e-14 6.2597025917727869e+01 1.0887562994834914e-16
9.7727328319551515e-14 6.3201260018441573e+01 1.0887549272153539e-16
9.8670666816494277e-14 6.3811326646230050e+01 1.0887535549489481e-16
9.9623111134041362e-14 6.4427282101080408e+01 1.0887521475622578e-16
1.0058474916849838e-13 6.5049183226430031e+01 1.0887506787918583e-16
1.0155566966461302e-13 6.5677087414412412e+01 1.0887492100234386e-16
1.0253596222376473e-13 6.6311052611153556e+01 1.0887477412570018e-16
1.0352571731223363e-13 6.6951137322119550e+01 1.0887462724925448e-16
1.0452502626954919e-13 6.7597400617515731e+01 1.0887448037300711e-16
1.0553398131691943e-13 6.8249902137737976e+01 1.0887432164976508e-16
1.0655267556574167e-13 6.8908702098876631e+01 1.0887416241995412e-16
1.0758120302619520e-13 6.9573861298273542e+01 1.0887400319037605e-16
1.0861965861591712e-13 7.0245441120132725e+01 1.0887384396103084e-16
1.0966813816876168e-13 7.0923503541185241e+01 1.0887368473191851e-16
1.1072673844364442e-13 7.1608111136408652e+01 1.0887351690148306e-16
1.1179555713347148e-13 7.2299327084801831e+01 1.0887334214725877e-16
1.1287469287415530e-13 7.2997215175215402e+01 1.0887316739331521e-16
1.1396424525371709e-13 7.3701839812238447e+01 1.0887299263965212e-16
1.1506431482147740e-13 7.4413266022142153e+01 1.0887281788626953e-16
1.1617500309733533e-13 7.5131559458880744e+01 1.0887264026848984e-16
1.1729641258113715e-13 7.5856786410150292e+01 1.0887244629875682e-16
1.1842864676213580e-13 7.6589013803506191e+01 1.0887225232936920e-16
1.1957181012854091e-13 7.7328309212539423e+01 1.0887205836032731e-16
1.2072600817716207e-13 7.8074740863112751e+01 1.0887186439163104e-16
1.2189134742314412e-13 7.8828377639656765e+01 1.0887167042328015e-16
1.2306793540979713e-13 7.9589289091527021e+01 1.0887145912603834e-16
1.2425588071852100e-13 8.0357545439422339e+01 1.0887124187013822e-16
1.2545529297882587e-13 8.1133217581865111e+01 1.0887102461467160e-16
1.2666628287844931e-13 8.1916377101744217e+01 1.0887080735963854e-16
1.2788896217357110e-13 8.2707096272921007e+01 1.0887059010503902e-16
1.2912344369912665e-13 8.3505448066899078e+01 1.0887036326744436e-16
1.3036984137921998e-13 8.4311506159558533e+01 1.0887011775775897e-16
1.3162827023763723e-13 8.5125344937955049e+01 1.0886987224862742e-16
1.3289884640846161e-13 8.5947039507184783e+01 1.0886962674004933e-16
1.3418168714679073e-13 8.6776665697315352e+01 1.0886938123202485e-16
1.3547691083955771e-13 8.7614300070383891e+01 1.0886913572455401e-16
1.3678463701645629e-13 8.8460019927462540e+01 1.0886885865307152e-16
1.3810498636097173e-13 8.9313903315792174e+01 1.0886857935945305e-16
1.3943808072151814e-13 9.0176029035984968e+01 1.0886830006655108e-16
1.4078404312268311e-13 9.1046476649296579e+01 1.0886802077436558e-16
1.4214299777658120e-13 9.1925326484968394e+01 1.0886774148289661e-16
1.4351507009431663e-13 9.2812659647640714e+01 1.0886744099690755e-16
1.4490038669755715e-13 9.3708558024837529e+01 1.0886712165993174e-16
1.4629907543021898e-13 9.4613104294523495e+01 1.0886680232389262e-16
1.4771126537026516e-13 9.5526381932733827e+01 1.0886648298879004e-16
1.4913708684161734e-13 9.6448475221277945e+01 1.0886616365462428e-16
1.5057667142618282e-13 9.7379469255517407e+01 1.0886583836590087e-16
1.5203015197599751e-13 9.8319449952218875e+01 1.0886547112321660e-16
1.5349766262548618e-13 9.9268504057483014e+01 1.0886510388177119e-16
1.5497933880384118e-13 1.0022671915474982e+02 1.0886473664156440e-16
1.5647531724752013e-13 1.0119418367288114e+02 1.0886436940259664e-16
1.5798573601286565e-13 1.0217098689432190e+02 1.0886400216486774e-16
1.5951073448884410e-13 1.0315721896333834e+02 1.0886359467790521e-16
1.6105045340991128e-13 1.0415297089433852e+02 1.0886317148915056e-16
1.6260503486899786e-13 1.0515833458026999e+02 1.0886274830204099e-16
1.6417462233062479e-13 1.0617340280110176e+02 1.0886232511657649e-16
1.6575936064414028e-13 1.0719826923238475e+02 1.0886190193275704e-16
1.6735939605709012e-13 1.0823302845389848e+02 1.0886145804045052e-16
1.6897487622871109e-13 1.0927777595837750e+02 1.0886096898795064e-16
1.7060595024356077e-13 1.1033260816032580e+02 1.0886047993764780e-16
1.7225276862527272e-13 1.1139762240491254e+02 1.0885999088954200e-16
1.7391548335045058e-13 1.1247291697695739e+02 1.0885950184363302e-16
1.7559424786269042e-13 1.1355859110999900e+02 1.0885901279992123e-16
1.7728921708674386e-13 1.1465474499545445e+02 1.0885845363532681e-16
1.7900054744281267e-13 1.1576147979186369e+02 1.0885788749135450e-16
1.8072839686098686e-13 1.1687889763422676e+02 1.0885732135032634e-16
1.8247292479581627e-13 1.1800710164342743e+02 1.0885675521224272e-16
1.8423429224102881e-13 1.1914619593575165e+02 1.0885618907710345e-16
1.8601266174438480e-13 1.2029628563249396e+02 1.0885557754679352e-16
1.8780819742268071e-13 1.2145747686966057e+02 1.0885492143046231e-16
1.8962106497689156e-13 1.2262987680776216e+02 1.0885426531808556e-16
1.9145143170746574e-13 1.2381359364170513e+02 1.0885360920966369e-16
1.9329946652976132e-13 1.2500873661077441e+02 1.0885295310519642e-16
1.9516533998963737e-13 1.2621541600871660e+02 1.0885228657790778e-16
1.9704922427918976e-13 1.2743374319391641e+02 1.0885152573088068e-16
1.9895129325264497e-13 1.2866383059967541e+02 1.0885076488917168e-16
2.0087172244240116e-13 1.2990579174458580e+02 1.0885000405278055e-16
2.0281068907523024e-13 1.3115974124300871e+02 1.0884924322170765e-16
2.0476837208863009e-13 1.3242579481564911e+02 1.0884848239595277e-16
2.0674495214734104e-13 1.3370406930023734e+02 1.0884763708754918e-16
2.0874061166001538e-13 1.3499468266230929e+02 1.0884675463598286e-16
2.1075553479605389e-13 1.3629775400609498e+02 1.0884587219157076e-16
2.1278990750259890e-13 1.3761340358550797e+02 1.0884498975431279e-16
2.1484391752169766e-13 1.3894175281524511e+02 1.0884410732420898e-16
2.1691775440762479e-13 1.4028292428198921e+02 1.0884318407537589e-16
2.1901160954437852e-13 1.4163704175572400e+02 1.0884216070343782e-16
2.2112567616333933e-13 1.4300423020115417e+02 1.0884113734112175e-16
2.2326014936110575e-13 1.4438461578923989e+02 1.0884011398842761e-16
2.2541522611749519e-13 1.4577832590883821e+02 1.0883909064535527e-16
2.2759110531372588e-13 1.4718548917846155e+02 1.0883806731190487e-16
2.2978798775076702e-13 1.4860623545814477e+02 1.0883689974207499e-16
2.3200607616787320e-13 1.5004069586143177e+02 1.0883571338199785e-16
2.3424557526129088e-13 1.5148900276747290e+02 1.0883452703485243e-16
2.3650669170315210e-13 1.5295128983324398e+02 1.0883334070063861e-16
2.3878963416054351e-13 1.5442769200587830e+02 1.0883215437935625e-16
2.4109461331476727e-13 1.5591834553512288e+02 1.0883087807129393e-16
2.4342184188077966e-13 1.5742338798590956e+02 1.0882950417253731e-16
2.4577153462682540e-13 1.5894295825105283e+02 1.0882813029112480e-16
2.4814390839425377e-13 1.6047719656406494e+02 1.0882675642705641e-16
2.5053918211753363e-13 1.6202624451210002e+02 1.0882538258033190e-16
2.5295757684445381e-13 1.6359024504901771e+02 1.0882399245447047e-16
2.5539931575652658e-13 1.6516934250857841e+02 1.0882240069818108e-16
2.5786462418957976e-13 1.6676368261776034e+02 1.0882080896517418e-16
2.6035372965455619e-13 1.6837341251021073e+02 1.0881921725544935e-16
2.6286686185850505e-13 1.6999868073982134e+02 1.0881762556900628e-16
2.6540425272578493e-13 1.7163963729444038e+02 1.0881603390584463e-16
2.6796613641946252e-13 1.7329643360971150e+02 1.0881427553432454e-16
2.7055274936292670e-13 1.7496922258305173e+02 1.0881243500396587e-16
2.7316433026170248e-13 1.7665815858775883e+02 1.0881059450473847e-16
2.7580112012548442e-13 1.7836339748726053e+02 1.0880875403664207e-16
2.7846336229037361e-13 1.8008509664949537e+02 1.0880691359967629e-16
2.8115130244133857e-13 1.8182341496143843e+02 1.0880499731071145e-16
2.8386518863488380e-13 1.8357851284376122e+02 1.0880287044647100e-16
2.8660527132194593e-13 1.8535055226563904e+02 1.0880074362380522e-16
2.8937180337100221e-13 1.8713969675969537e+02 1.0879861684271366e-16
2.9216504009141077e-13 1.8894611143709611e+02 1.0879649010319532e-16
2.9498523925696955e-13 1.9076996300278569e+02 1.0879436340524940e-16
2.9783266112970355e-13 1.9261141977087021e+02 1.0879195428710144e-16
3.0070756848388705e-13 1.9447065168015320e+02 1.0878949920799410e-16
3.0361022663028936e-13 1.9634783030981515e+02 1.0878704418428987e-16
3.0654090344066325e-13 1.9824312889525083e+02 1.0878458921598750e-16
3.0949986937246100e-13 2.0015672234405329e+02 1.0878213430308574e-16
3.1248739749379842e-13 2.0208878725215820e+02 1.0877950836263535e-16
3.1550376350864984e-13 2.0403950192013789e+02 1.0877667753409519e-16
3.1854924578229684e-13 2.0600904636965919e+02 1.0877384677922340e-16
3.2162412536701147e-13 2.0799760236009311e+02 1.0877101609801771e-16
3.2472868602799895e-13 2.1000535340529220e+02 1.0876818549047640e-16
3.2786321426957921e-13 2.1203248479052243e+02 1.0876533346374644e-16
3.3102799936163261e-13 2.1407918358956593e+02 1.0876207321570453e-16
3.3422333336628961e-13 2.1614563868198138e+02 1.0875881306538877e-16
3.3744951116488926e-13 2.1823204077053850e+02 1.0875555301279620e-16
3.4070683048518671e-13 2.2033858239881329e+02 1.0875229305792414e-16
3.4399559192883468e-13 2.2246545796896061e+02 1.0874903320076925e-16
3.4731609899911878e-13 2.2461286375965096e+02 1.0874545689629787e-16
3.5066865812897221e-13 2.2678099794418770e+02 1.0874170653371976e-16
3.5405357870924875e-13 2.2897006060879173e+02 1.0873795630048225e-16
3.5747117311728095e-13 2.3118025377107020e+02 1.0873420619658119e-16
3.6092175674570216e-13 2.3341178139865602e+02 1.0873045622201179e-16
3.6440564803155821e-13 2.3566484942803461e+02 1.0872657230803697e-16
3.6792316848568830e-13 2.3793966578354514e+02 1.0872226423118896e-16
3.7147464272240200e-13 2.4023644039657253e+02 1.0871795632504004e-16
3.7506039848942997e-13 2.4255538522491716e+02 1.0871364858958340e-16
3.7868076669817627e-13 2.4489671427235925e+02 1.0870934102481236e-16
3.8233608145425043e-13 2.4726064360840422e+02 1.0870503363072010e-16
3.8602668008830644e-13 2.4964739138822679e+02 1.0870019532988888e-16
3.8975290318716728e-13 2.5205717787279923e+02 1.0869525241789600e-16
3.9351509462526217e-13 2.5449022544922232e+02 1.0869030973067159e-16
3.9731360159635454e-13 2.5694675865124424e+02 1.0868536726820549e-16
4.0114877464558932e-13 2.5942700417998560e+02 1.0868042503048741e-16
4.0502096770183663e-13 2.6193119092485671e+02 1.0867517249493071e-16
4.0893053811036030e-13 2.6445954998468460e+02 1.0866950893688734e-16
4.1287784666578937e-13 2.6701231468903575e+02 1.0866384567399798e-16
4.1686325764542003e-13 2.6958972061975328e+02 1.0865818270624683e-16
4.2088713884282705e-13 2.7219200563269328e+02 1.0865252003361872e-16
4.2494986160181140e-13 2.7481940987967954e+02 1.0864683699764166e-16
4.2905180085066378e-13 2.7747217583066180e+02 1.0864035650187562e-16
4.3319333513677125e-13 2.8015054829609636e+02 1.0863387639265379e-16
4.3737484666154449e-13 2.8285477444953386e+02 1.0862739666995349e-16
4.4159672131569659e-13 2.8558510385043445e+02 1.0862091733375126e-16
4.4585934871484780e-13 2.8834178846719368e+02 1.0861443838402447e-16
4.5016312223548793e-13 2.9112508270039996e+02 1.0860738532156205e-16
4.5450843905127253e-13 2.9393524340630728e+02 1.0859998105843416e-16
4.5889570016968293e-13 2.9677252992054400e+02 1.0859257730008883e-16
4.6332531046902545e-13 2.9963720408204063e+02 1.0858517404649162e-16
4.6779767873580438e-13 3.0252953025719887e+02 1.0857777129760797e-16
4.7231321770243773e-13 3.0544977536428325e+02 1.0857014372821154e-16
4.7687234408535480e-13 3.0839820889805901e+02 1.0856169568415191e-16
4.8147547862344498e-13 3.1137510295465734e+02 1.0855324829745025e-16
4.8612304611689330e-13 3.1438073225669075e+02 1.0854480156805543e-16
4.9081547546637501e-13 3.1741537417860064e+02 1.0853635549591642e-16
4.9555319971264538e-13 3.2047930877226025e+02 1.0852791008098178e-16
5.0033665607649357e-13 3.2357281879281368e+02 1.0851850934167828e-16
5.0516628599910151e-13 3.2669618972477559e+02 1.0850888574966632e-16
5.1004253518277192e-13 3.2984970980837141e+02 1.0849926301108941e-16
5.1496585363206990e-13 3.3303367006614326e+02 1.0848964112587210e-16
5.1993669569534252e-13 3.3624836432980140e+02 1.0848002009393890e-16
5.2495552010665684e-13 3.3949408926734600e+02 1.0846986151253474e-16
5.3002279002812557e-13 3.4277114441043955e+02 1.0845891437756098e-16
5.3513897309265923e-13 3.4607983218205487e+02 1.0844796834740786e-16
5.4030454144711183e-13 3.4942045792437835e+02 1.0843702342196430e-16
5.4551997179586275e-13 3.5279332992699432e+02 1.0842607960111861e-16
5.5078574544479976e-13 3.5619875945532976e+02 1.0841513617705728e-16
5.5610234834574618e-13 3.5963706077938514e+02 1.0840270385965491e-16
5.6147027114129664e-13 3.6310855120273106e+02 1.0839027296790695e-16
5.6689000921010624e-13 3.6661355109179647e+02 1.0837784350164990e-16
5.7236206271259721e-13 3.7015238390542783e+02 1.0836541546072031e-16
5.7788693663712463e-13 3.7372537622474522e+02 1.0835298884495472e-16
5.8346514084657107e-13 3.7733285778327519e+02 1.0833956857020950e-16
5.8909719012540783e-13 3.8097516149738607e+02 1.0832547418505229e-16
5.9478360422719260e-13 3.8465262349700504e+02 1.0831138163349772e-16
6.0052490792254492e-13 3.8836558315664411e+02 1.0829729091530696e-16
6.0632163104756412e-13 3.9211438312671311e+02 1.0828320203024138e-16
6.1217430855273579e-13 3.9589936936514721e+02 1.0826875901775309e-16
6.1808348055228933e-13 3.9972089116932773e+02 1.0825280621848918e-16
6.2404969237405218e-13 4.0357930120832293e+02 1.0823685576978130e-16
6.3007349460976626e-13 4.0747495555542810e+02 1.0822090767128329e-16
6.3615544316590839e-13 4.1140821372103193e+02 1.0820496192264886e-16
6.4229609931498244e-13 4.1537943868578753e+02 1.0818901852353197e-16
6.4849602974732650e-13 4.1938899693411668e+02 1.0817144089086955e-16
6.5475580662339958e-13 4.2343725848802404e+02 1.0815341958728325e-16
6.6107600762659400e-13 4.2752459694125167e+02 1.0813540128603660e-16
6.6745721601653600e-13 4.3165138949374898e+02 1.0811738598662921e-16
6.7390002068292267e-13 4.3581801698648962e+02 1.0809937368856076e-16
6.8040501619985718e-13 4.4002486393661059e+02 1.0808048231140131e-16
6.8697280288072924e-13 4.4427231857290406e+02 1.0806015935529324e-16
6.9360398683360481e-13 4.4856077287163839e+02 1.0803984022062024e-16
7.0029918001717089e-13 4.5289062259273845e+02 1.0801952490666394e-16
7.0705900029720022e-13 4.5726226731630135e+02 1.0799921341270551e-16
7.1388407150358107e-13 4.6167611047947884e+02 1.0797890573802684e-16
7.2077502348787652e-13 4.6613255941370107e+02 1.0795609435254883e-16
7.2773249218146199e-13 4.7063202538227483e+02 1.0793322537261443e-16
7.3475711965419994e-13 4.7517492361832927e+02 1.0791036123715150e-16
7.4184955417370574e-13 4.7976167336314330e+02 1.0788750194513425e-16
7.4901045026516078e-13 4.8439269790482768e+02 1.0786464749553643e-16
7.5624046877172701e-13 4.8906842461739581e+02 1.0784017571485453e-16
7.6354027691552154e-13 4.9378928500019617e+02 1.0781448980229616e-16
7.7091054835920265e-13 4.9855571471774113e+02 1.0778881000773715e-16
7.7835196326812669e-13 5.0336815363990416e+02 1.0776313632971987e-16
7.8586520837312810e-13 5.0822704588252037e+02 1.0773746876678787e-16
7.9345097703388968e-13 5.1313283984836869e+02 1.0771128777075091e-16
8.0110996930292428e-13 5.1808598826854961e+02 1.0768249982664774e-16
8.0884289199019058e-13 5.2308694824427266e+02 1.0765371957668436e-16
8.1665045872830775e-13 5.2813618128903158e+02 1.0762494701880474e-16
8.2453339003842662e-13 5.3323415337120366e+02 1.0759618215095263e-16
8.3249241339670973e-13 5.3838133495704324e+02 1.0756742497107311e-16
8.4052826330147860e-13 5.4357820105410678e+02 1.0753605742380570e-16
8.4864168134098549e-13 5.4882523125508078e+02 1.0750387636776257e-16
8.5683341626186238e-13 5.5412290978204931e+02 1.0747170494216688e-16
8.6510422403820699e-13 5.5947172553117196e+02 1.0743954314413696e-16
8.7345486794136043e-13 5.6487217211781035e+02 1.0740739097079157e-16
8.8188611861033246e-13 5.7032474792207245e+02 1.0737390814388430e-16
8.9039875412293364e-13 5.7582995613481444e+02 1.0733801091017004e-16
8.9899356006756638e-13 5.8138830480406898e+02 1.0730212567761501e-16
9.0767132961573695e-13 5.8700030688193931e+02 1.0726625244220716e-16
9.1643286359523863e-13 5.9266648027192764e+02 1.0723039119993561e-16
9.2527897056407139e-13 5.9838734787673968e+02 1.0719454194679081e-16
9.3421046688504415e-13 6.0416343764653050e+02 1.0715480302703693e-16
9.4322817680112840e-13 6.0999528262763704e+02 1.0711487763943188e-16
9.5233293251150770e-13 6.1588342101175931e+02 1.0707496712784294e-16
9.6152557424839303e-13 6.2182839618563844e+02 1.0703507148672737e-16
9.7080695035454770e-13 6.2783075678119235e+02 1.0699519071054446e-16
9.8017791736159287e-13 6.3389105672615665e+02 1.0695289414626958e-16
9.8963934006903500e-13 6.4000985529519335e+02 1.0690859397089195e-16
9.9919209162409342e-13 6.4618771716151446e+02 1.0686431214476564e-16
1.0088370536022578e-12 6.5242521244898160e+02 1.0682004866029060e-16
1.0185751160886650e-12 6.5872291678473118e+02 1.0677580350986925e-16
1.0284071777602218e-12 6.6508141135228482e+02 1.0673089876617123e-16
1.0383341459685556e-12 6.7150128294519516e+02 1.0668188595661917e-16
1.0483569368237340e-12 6.7798312402118688e+02 1.0663289565465888e-16
1.0584764752788244e-12 6.8452753275684279e+02 1.0658392784995449e-16
1.0686936952152352e-12 6.9113511310279523e+02 1.0653498253217500e-16
1.0790095395289183e-12 6.9780647483947337e+02 1.0648605969099362e-16
1.0894249602173645e-12 7.0454223363336484e+02 1.0643336139962291e-16
1.0999409184674774e-12 7.1134301109384421e+02 1.0637932818208936e-16
1.1105583847442594e-12 7.1820943483052679e+02 1.0632532239569711e-16
1.1212783388803882e-12 7.2514213851119916e+02 1.0627134402652038e-16
1.1321017701666211e-12 7.3214176192028492e+02 1.0621739306064036e-16
1.1430296774431131e-12 7.3920895101790006e+02 1.0616164545166370e-16
1.1540630691915739e-12 7.4634435799945254e+02 1.0610224465541192e-16
1.1652029636283552e-12 7.5354864135584251e+02 1.0604287709578319e-16
1.1764503887983976e-12 7.6082246593421894e+02 1.0598354275418061e-16
1.1878063826701232e-12 7.6816650299934736e+02 1.0592424161201765e-16
1.1992719932312050e-12 7.7558143029554503e+02 1.0586497365071831e-16
1.2108482785852993e-12 7.8306793210923911e+02 1.0580033062116759e-16
1.2225363070496749e-12 7.9062669933210361e+02 1.0573529626295941e-16
1.2343371572538200e-12 7.9825842952483049e+02 1.0567030188069177e-16
1.2462519182389657e-12 8.0596382698149171e+02 1.0560534744979226e-16
1.2582816895586071e-12 8.1374360279454800e+02 1.0554043294570303e-16
1.2704275813799559e-12 8.2159847492045822e+02 1.0547235339335556e-16
1.2826907145864119e-12 8.2952916824595013e+02 1.0540137579472413e-16
1.2950722208809844e-12 8.3753641465490250e+02 1.0533044596045321e-16
1.3075732428907503e-12 8.4562095309590086e+02 1.0525956385839974e-16
1.3201949342722824e-12 8.5378352965041756e+02 1.0518872945644233e-16
1.3329384598181337e-12 8.6202489760167748e+02 1.0511719589391907e-16
1.3458049955643113e-12 8.7034581750416135e+02 1.0504003863978360e-16
1.3587957288988257e-12 8.7874705725380704e+02 1.0496293801997743e-16
1.3719118586712500e-12 8.8722939215886106e+02 1.0488589399292993e-16
1.3851545953033752e-12 8.9579360501144174e+02 1.0480890651710148e-16
1.3985251609008930e-12 9.0444048615976533e+02 1.0473197555098306e-16
1.4120247893662001e-12 9.1317083358109710e+02 1.0465037453685173e-16
1.4256547265122463e-12 9.2198545295537849e+02 1.0456692043622455e-16
1.4394162301775268e-12 9.3088515773959409e+02 1.0448353288659601e-16
1.4533105703421386e-12 9.3987076924282633e+02 1.0440021183489420e-16
1.4673390292450048e-12 9.4894311670206503e+02 1.0431695722809010e-16
1.4815029015021818e-12 9.5810303735871855e+02 1.0423168285766470e-16
1.4958034942263560e-12 9.6735137653589391e+02 1.0414175896651232e-16
1.5102421271474484e-12 9.7668898771639135e+02 1.0405191265547720e-16
1.5248201327344288e-12 9.8611673262148474e+02 1.0396214385762900e-16
1.5395388563182584e-12 9.9563548129042863e+02 1.0387245250609447e-16
1.5543996562160684e-12 1.0052461121607664e+03 1.0378283853405830e-16
1.5694039038564871e-12 1.0149495121493803e+03 1.0368708781771461e-16
1.5845529839062289e-12 1.0247465767343574e+03 1.0359074644756703e-16
1.5998482943978496e-12 1.0346382100376115e+03 1.0349449459347970e-16
1.6152912468587937e-12 1.0446253249083379e+03 1.0339833217227838e-16
1.6308832664416272e-12 1.0547088430072374e+03 1.0330225910086598e-16
1.6466257920555860e-12 1.0648896948915894e+03 1.0320285361056730e-16
1.6625202764993404e-12 1.0751688201011120e+03 1.0310007671757500e-16
1.6785681865950898e-12 1.0855471672446829e+03 1.0299740217727318e-16
1.6947710033239042e-12 1.0960256940878658e+03 1.0289482988773160e-16
1.7111302219624241e-12 1.1066053676413151e+03 1.0279235974712135e-16
1.7276473522208217e-12 1.1172871642499983e+03 1.0268937050877152e-16
1.7443239183821549e-12 1.1280720696833162e+03 1.0258032385151344e-16
1.7611614594430066e-12 1.1389610792260560e+03 1.0247139299176608e-16
1.7781615292555394e-12 1.1499551977702606e+03 1.0236257780656269e-16
1.7953256966708643e-12 1.1610554399079451e+03 1.0225387817306779e-16
1.8126555456838511e-12 1.1722628300247482e+03 1.0214529396857629e-16
1.8301526755792774e-12 1.1835784023944479e+03 1.0203232157241761e-16
1.8478187010794507e-12 1.1950032012744300e+03 1.0191742036755689e-16
1.8656552524931874e-12 1.2065382810020353e+03 1.0180264855587921e-16
1.8836639758663036e-12 1.2181847060918819e+03 1.0168800599167196e-16
1.9018465331334840e-12 1.2299435513340820e+03 1.0157349252938605e-16
1.9202046022716868e-12 1.2418159018934491e+03 1.0145735890266874e-16
1.9387398774549640e-12 1.2538028534096229e+03 1.0133690100850508e-16
1.9574540692108406e-12 1.2659055120982009e+03 1.0121658613111652e-16
1.9763489045781373e-12 1.2781249948528036e+03 1.0109641410070254e-16
1.9954261272663835e-12 1.2904624293481693e+03 1.0097638474766434e-16
2.0146874978167028e-12 1.3029189541441997e+03 1.0085649790260447e-16
2.0341347937643178e-12 1.3154957187910532e+03 1.0073173790532702e-16
2.0537698098025543e-12 1.3281938839352097e+03 1.0060642738683115e-16
2.0735943579484980e-12 1.3410146214266001e+03 1.0048127275491437e-16
2.0936102677102000e-12 1.3539591144267420e+03 1.0035627381565360e-16
2.1138193862555019e-12 1.3670285575179189e+03 1.0023143037536680e-16
2.1342235785825328e-12 1.3802241568134432e+03 1.0010433627817280e-16
2.1548247276917820e-12 1.3935471300689383e+03 9.9974712076227942e-17
2.1756247347599120e-12 1.4069987067947422e+03 9.9845255723492614e-17
2.1966255193151685e-12 1.4205801283693511e+03 9.9715967002620532e-17
2.2178290194145626e-12 1.4342926481540014e+03 9.9586845696546882e-17
2.2392371918226876e-12 1.4481375316083140e+03 9.9457601601883665e-17
2.2608520121923344e-12 1.4621160564070999e+03 9.9324475467222704e-17
2.2826754752467793e-12 1.4762295125582480e+03 9.9191527524750794e-17
2.3047095949639030e-12 1.4904792025217953e+03 9.9058757535953498e-17
2.3269564047620137e-12 1.5048664413301024e+03 9.8926165262636373e-17
2.3494179576875395e-12 1.5193925567092344e+03 9.8793750466923098e-17
2.3720963266044524e-12 1.5340588892014655e+03 9.8659225799077678e-17
2.3949936043856059e-12 1.5488667922890161e+03 9.8523717061376024e-17
2.4181119041058333e-12 1.5638176325189340e+03 9.8388394445325212e-17
2.4414533592369924e-12 1.5789127896292307e+03 9.8253257695286966e-17
2.4650201238448152e-12 1.5941536566761858e+03 9.8118306555973373e-17
2.4888143727877336e-12 1.6095416401629302e+03 9.7982908153493186e-17
2.5128383019175463e-12 1.6250781601692197e+03 9.7845868601634326e-17
2.5370941282821069e-12 1.6407646504825136e+03 9.7709020714210892e-17
2.5615840903298762e-12 1.6566025587302640e+03 9.7572364223159727e-17
2.5863104481165457e-12 1.6725933465135383e+03 9.7435898860792603e-17
2.6112754835135617e-12 1.6887384895418754e+03 9.7299624359795635e-17
2.6364815004187498e-12 1.7050394777694980e+03 9.7162367615628868e-17
2.6619308249688881e-12 1.7214978155327867e+03 9.7025100855417805e-17
2.6876258057544180e-12 1.7381150216891353e+03 9.6888028019705539e-17
2.7135688140361405e-12 1.7548926297570895e+03 9.6751148834524348e-17
2.7397622439640898e-12 1.7718321880578967e+03 9.6614463026292994e-17
2.7662085127984374e-12 1.7889352598583646e+03 9.6477866321843603e-17
2.7929100611326079e-12 1.8062034235151550e+03 9.6341334223655122e-17
2.8198693531184695e-12 1.8236382726204142e+03 9.6204995340911272e-17
2.8470888766937794e-12 1.8412414161488666e+03 9.6068849400180118e-17
2.8745711438117388e-12 1.8590144786062690e+03 9.5932896128417204e-17
2.9023186906728582e-12 1.8769591001793592e+03 9.5797174671055284e-17
2.9303340779589567e-12 1.8950769368871886e+03 9.5662543677195222e-17
2.9586198910695284e-12 1.9133696607339800e+03 9.5528101890423690e-17
2.9871787403602842e-12 1.9318389598633967e+03 9.5393849044833675e-17
3.0160132613840971e-12 1.9504865387143641e+03 9.5259784874891895e-17
3.0451261151341774e-12 1.9693141181783330e+03 9.5125909115438226e-17
3.0745199882896918e-12 1.9883234357581227e+03 9.4993557959146892e-17
3.1041975934636498e-12 2.0075162457282354e+03 9.4862151423171840e-17
3.1341616694532917e-12 2.0268943192967811e+03 9.4730926664551490e-17
3.1644149814927845e-12 2.0464594447689008e+03 9.4599883431829651e-17
3.1949603215084671e-12 2.0662134277118339e+03 9.4469021473897905e-17
3.2258005083764458e-12 2.0861580911215110e+03 9.4339085788047257e-17
3.2569383881827911e-12 2.1062952755908227e+03 9.4211791580522444e-17
3.2883768344861327e-12 2.1266268394794447e+03 9.4084669134417086e-17
3.3201187485829010e-12 2.1471546590853713e+03 9.3957718217968657e-17
3.3521670597750204e-12 2.1678806288180344e+03 9.3830938599727844e-17
3.3845247256402900e-12 2.1888066613731639e+03 9.3704330048557626e-17
3.4171947323052741e-12 2.2099346879092664e+03 9.3581391315393308e-17
3.4501800947209279e-12 2.2312666582258762e+03 9.3459344306035981e-17
3.4834838569407786e-12 2.2528045409434581e+03 9.3337456467986827e-17
3.5171090924019002e-12 2.2745503236851164e+03 9.3215727593657949e-17
3.5510589042084920e-12 2.2965060132599874e+03 9.3094157475732140e-17
3.5853364254183039e-12 2.3186736358484745e+03 9.2974913890588609e-17
3.6199448193317117e-12 2.3410552371891949e+03 9.2858786796740774e-17
3.6548872797837006e-12 2.3636528827678112e+03 9.2742804747414755e-17
3.6901670314385543e-12 2.3864686580076050e+03 9.2626967561447536e-17
3.7257873300874937e-12 2.4095046684619683e+03 9.2511275057902911e-17
3.7617514629490858e-12 2.4327630400086764e+03 9.2395828446679698e-17
3.7980627489726615e-12 2.4562459190461141e+03 9.2286309976749893e-17
3.8347245391445411e-12 2.4799554726913143e+03 9.2176921321070982e-17
3.8717402167973474e-12 2.5038938889799938e+03 9.2067662325771588e-17
3.9091131979221719e-12 2.5280633770684326e+03 9.1958532837163231e-17
3.9468469314838800e-12 2.5524661674373879e+03 9.1849532701738889e-17
3.9849448997393357e-12 2.5771045120978924e+03 9.1744626117362572e-17
4.0234106185588299e-12 2.6019806847991240e+03 9.1642347238320175e-17
4.0622476377504740e-12 2.6270969812381954e+03 9.1540182381968175e-17
4.1014595413878591e-12 2.6524557192720540e+03 9.1438131421191449e-17
4.1410499481407451e-12 2.6780592391313448e+03 9.1336194229017090e-17
4.1810225116090850e-12 2.7039099036364209e+03 9.1235798493799890e-17
4.2213809206601154e-12 2.7300100984153519e+03 9.1140967166675895e-17
4.2621288997688631e-12 2.7563622321241251e+03 9.1046234408104679e-17
4.3032702093617860e-12 2.7829687366688863e+03 9.0951600115633018e-17
4.3448086461638723e-12 2.8098320674304114e+03 9.0857064186914172e-17
4.3867480435489506e-12 2.8369547034906545e+03 9.0762626519708304e-17
4.4290922718935286e-12 2.8643391478615799e+03 9.0673996072954835e-17
4.4718452389338912e-12 2.8919879277161012e+03 9.0586857245433114e-17
4.5150108901268036e-12 2.9199035946213517e+03 9.0499802159398546e-17
4.5585932090135461e-12 2.9480887247741070e+03 9.0412830734374179e-17
4.6025962175876023e-12 2.9765459192385779e+03 9.0325942889960948e-17
4.6470239766657616e-12 3.0052778041863999e+03 9.0241992141846745e-17
4.6918805862629400e-12 3.0342870311390393e+03 9.0162442747171259e-17
4.7371701859704790e-12 3.0635762772124399e+03 9.0082963476237937e-17
4.7828969553382436e-12 3.0931482453641288e+03 9.0003554267231933e-17
4.8290651142602530e-12 3.1230056646426101e+03 8.9924215058392786e-17
4.8756789233641924e-12 3.1531512904392653e+03 8.9844945788014537e-17
4.9227426844045250e-12 3.1835879047425824e+03 8.9772777698682306e-17
4.9702607406595592e-12 3.2143183163949448e+03 8.9700721093733965e-17
5.0182374773321917e-12 3.2453453613517922e+03 8.9628722325408661e-17
5.0666773219546696e-12 3.2766719029433898e+03 8.9556781347283826e-17
5.1155847447971097e-12 3.3083008321390171e+03 8.9484898112973712e-17
5.1649642592801161e-12 3.3402350678138146e+03 8.9417102513757030e-17
5.2148204223912198e-12 3.3724775570180991e+03 8.9352185918320191e-17
5.2651578351055029e-12 3.4050312752493851e+03 8.9287316452171203e-17
5.3159811428101170e-12 3.4378992267269241e+03 8.9222494081094468e-17
5.3672950357330642e-12 3.4710844446690053e+03 8.9157718770898781e-17
5.4191042493759510e-12 3.5045899915728191e+03 8.9094180653477246e-17
5.4714135649510949e-12 3.5384189594971367e+03 8.9036014276275170e-17
5.5242278098226617e-12 3.5725744703476030e+03 8.8977885873802752e-17
5.5775518579522418e-12 3.6070596761648917e+03 8.8919795421267782e-17
5.6313906303486111e-12 3.6418777594155713e+03 8.8861742893894160e-17
5.6857490955218303e-12 3.6770319332857753e+03 8.8803728266922021e-17
5.7406322699418439e-12 3.7125254419777839e+03 8.8750483359117966e-17
5.7960452185013333e-12 3.7483615610093539e+03 8.8698623104096054e-17
5.8519930549832201e-12 3.7845435975160613e+03 8.8646793152977131e-17
5.9084809425325043e-12 3.8210748905564401e+03 8.8594993488053758e-17
5.9655140941328346e-12 3.8579588114201861e+03 8.8543224091628298e-17
6.0230977730874942e-12 3.8951987639392173e+03 8.8493565938536534e-17
6.0812372935052187e-12 3.9327981848018567e+03 8.8447437426518043e-17
6.1399380207905197e-12 3.9707605438699256e+03 8.8401332959633231e-17
6.1992053721389167e-12 4.0090893444990220e+03 8.8355252525348344e-17
6.2590448170367717e-12 4.0477881238617642e+03 8.8309196111135776e-17
6.3194618777661438e-12 4.0868604532742838e+03 8.8263163704474900e-17
6.3804621299143003e-12 4.1263099385257383e+03 8.8222024942307865e-17
6.4420512028883765e-12 4.1661402202111385e+03 8.8181067954088813e-17
6.5042347804347676e-12 4.2063549740672524e+03 8.8140129980111192e-17
6.5670186011637688e-12 4.2469579113118898e+03 8.8099211011547709e-17
6.6304084590790493e-12 4.2879527789863214e+03 8.8058311039575227e-17
6.6944102041124662e-12 4.3293433603011463e+03 8.8019933601487959e-17
6.7590297426638127e-12 4.3711334749853540e+03 8.7983517539898634e-17
6.8242730381459938e-12 4.4133269796388977e+03 8.7947116544550425e-17
6.8901461115352625e-12 4.4559277680885307e+03 8.7910730609210184e-17
6.9566550419269684e-12 4.4989397717472220e+03 8.7874359727646909e-17
7.0238059670964551e-12 4.5423669599768891e+03 8.7838611130926689e-17
7.0916050840655981e-12 4.5862133404547876e+03 8.7806117507132436e-17
7.1600586496745869e-12 4.6304829595432857e+03 8.7773635903514435e-17
7.2291729811594426e-12 4.6751799026633526e+03 8.7741166315626112e-17
7.2989544567349020e-12 4.7203082946715149e+03 8.7708708739022591e-17
7.3694095161831323e-12 4.7658723002405850e+03 8.7676263169260591e-17
7.4405446614479244e-12 4.8118761242439296e+03 8.7646272647204339e-17
7.5123664572348296e-12 4.8583240121435874e+03 8.7617094291152171e-17
7.5848815316168689e-12 4.9052202503819872e+03 8.7587925648878315e-17
7.6580965766463333e-12 4.9525691667776009e+03 8.7558766717148809e-17
7.7320183489722255e-12 5.0003751309242534e+03 8.7529617492731186e-17
7.8066536704639190e-12 5.0486425545944539e+03 8.7501402497078008e-17
7.8820094288406080e-12 5.0973758921464550e+03 8.7474929273004754e-17
7.9580925783070462e-12 5.1465796409354034e+03 8.7448464058307206e-17
8.0349101401951982e-12 5.1962583417282967e+03 8.7422006850561959e-17
8.1124692036123272e-12 5.2464165791231089e+03 8.7395557647346446e-17
8.1907769260950900e-12 5.2970589819718007e+03 8.7369116446239210e-17
8.2698405342701971e-12 5.3481902238075745e+03 8.7344648160309039e-17
8.3496673245211836e-12 5.3998150232760854e+03 8.7320305666439752e-17
8.4302646636618971e-12 5.4519381445709887e+03 8.7295969956695253e-17
8.5116399896162126e-12 5.5045643978735170e+03 8.7271641029185173e-17
8.5938008121045633e-12 5.5576986397964738e+03 8.7247318882019018e-17
8.6767547133368512e-12 5.6113457738323386e+03 8.7223833511327745e-17
8.7605093487123034e-12 5.6655107508058745e+03 8.7201067153199869e-17
8.8450724475258117e-12 5.7201985693309261e+03 8.7178306737336157e-17
8.9304518136813759e-12 5.7754142762718056e+03 8.7155552262185672e-17
9.0166553264121304e-12 5.8311629672089502e+03 8.7132803726197772e-17
9.1036909410076445e-12 5.8874497869092629e+03 8.7110199493445124e-17
9.1915666895479064e-12 5.9442799298008013e+03 8.7088502854045199e-17
9.2802906816447384e-12 6.0016586404522432e+03 8.7066811618652805e-17
9.3698711051900161e-12 6.0595912140567807e+03 8.7045125785921814e-17
9.4603162271114573e-12 6.1180829969208889e+03 8.7023445354506575e-17
9.5516343941353721e-12 6.1771393869576077e+03 8.7001770323061638e-17
9.6438340335571003e-12 6.2367658341847891e+03 8.6980519036547650e-17
9.7369236540185676e-12 6.2969678412279536e+03 8.6959429169572859e-17
9.8309118462936634e-12 6.3577509638281981e+03 8.6938344416185667e-17
9.9258072840808782e-12 6.4191208113548055e+03 8.6917264775145999e-17
1.0021618724803916e-11 6.4810830473230089e+03 8.6896190245214195e-17
1.0118355010419715e-11 6.5436433899165477e+03 8.6875174760566922e-17
1.0216025068234588e-11 6.6068076125154694e+03 8.6854277328829019e-17
1.0314637911727917e-11 6.6705815442288249e+03 8.6833384923874151e-17
1.0414202641384123e-11 6.7349710704327126e+03 8.6812497544493277e-17
1.0514728445532340e-11 6.7999821333133023e+03 8.6791615189477222e-17
1.0616224601194528e-11 6.8656207324153183e+03 8.6770737857617562e-17
1.0718700474941433e-11 6.9318929251955997e+03 8.6749689200415811e-17
1.0822165523757151e-11 6.9988048275822193e+03 8.6728629930732410e-17
1.0926629295911694e-11 7.0663626145387843e+03 8.6707575773376700e-17
1.1032101431842327e-11 7.1345725206344032e+03 8.6686526727107642e-17
1.1138591665043058e-11 7.2034408406189305e+03 8.6665482790684494e-17
1.1246109822963067e-11 7.2729739300039892e+03 8.6644192545004008e-17
1.1354665827913464e-11 7.3431782056493785e+03 8.6622669094510080e-17
1.1464269697983138e-11 7.4140601463553658e+03 8.6601150990697865e-17
1.1574931547963102e-11 7.4856262934604656e+03 8.6579638232239191e-17
1.1686661590280115e-11 7.5578832514452297e+03 8.6558130817806233e-17
1.1799470135938954e-11 7.6308376885416155e+03 8.6536550512913455e-17
1.1913367595474150e-11 7.7044963373484889e+03 8.6514331186907517e-17
1.2028364479910536e-11 7.7788659954528193e+03 8.6492117565987588e-17
1.2144471401733446e-11 7.8539535260571165e+03 8.6469909648688617e-17
1.2261699075867893e-11 7.9297658586126772e+03 8.6447707433546171e-17
1.2380058320667600e-11 8.0063099894591978e+03 8.6425510919095950e-17
1.2499560058913162e-11 8.0835929824702998e+03 8.6402697872125821e-17
1.2620215318820264e-11 8.1616219697055512e+03 8.6379628396766394e-17
1.2742035235057216e-11 8.2404041520685169e+03 8.6356565080944884e-17
1.2865031049772714e-11 8.3199467999714270e+03 8.6333507923016688e-17
1.2989214113633115e-11 8.4002572540059900e+03 8.6310456921337648e-17
1.3114595886870156e-11 8.4813429256209602e+03 8.6287122731413129e-17
1.3241187940338333e-11 8.5632112978059595e+03 8.6263114506001917e-17
1.3369001956582936e-11 8.6458699257821881e+03 8.6239112960554693e-17
1.3498049730917965e-11 8.7293264376995157e+03 8.6215118093213185e-17
1.3628343172514863e-11 8.8135885353405884e+03 8.6191129902119120e-17
1.3759894305501347e-11 8.8986639948314423e+03 8.6167148385414829e-17
1.3892715270071271e-11 8.9845606673592702e+03 8.6142306284924965e-17
1.4026818323604758e-11 9.0712864798968185e+03 8.6117367871307559e-17
1.4162215841799603e-11 9.1588494359340821e+03 8.6092436677423404e-17
1.4298920319813133e-11 9.2472576162167497e+03 8.6067512701182374e-17
1.4436944373415545e-11 9.3365191794920884e+03 8.6042595940494962e-17
1.4576300740153938e-11 9.4266423632617243e+03 8.6017256597510575e-17
1.4717002280528020e-11 9.5176354845419919e+03 8.5991474682707669e-17
1.4859061979176690e-11 9.6095069406313105e+03 8.5965700495507008e-17
1.5002492946076562e-11 9.7022652098852723e+03 8.5939934033592226e-17
1.5147308417751711e-11 9.7959188524990059e+03 8.5914175294647683e-17
1.5293521758495114e-11 9.8904765112970945e+03 8.5888366791249620e-17
1.5441146461602195e-11 9.9859469125313135e+03 8.5861935031073478e-17
1.5590196150615800e-11 1.0082338866685779e+04 8.5835511405153138e-17
1.5740684580583696e-11 1.0179661269290182e+04 8.5809095910985483e-17
1.5892625639327711e-11 1.0277923101740549e+04 8.5782688546067655e-17
1.6046033348725614e-11 1.0377133432128254e+04 8.5756289307898125e-17
1.6200921866004872e-11 1.0477301416076700e+04 8.5729635759803578e-17
1.6357305485049422e-11 1.0578436297586421e+04 8.5702866193001293e-17
1.6515198637718485e-11 1.0680547409887979e+04 8.5676104985148786e-17
1.6674615895178714e-11 1.0783644176303469e+04 8.5649352133635618e-17
1.6835571969248607e-11 1.0887736111115972e+04 8.5622607635852619e-17
1.6998081713756453e-11 1.0992832820447748e+04 8.5595881313543809e-17
1.7162160125910850e-11 1.1098944003146564e+04 8.5569189413541366e-17
1.7327822347685014e-11 1.1206079451680942e+04 8.5542505837041360e-17
1.7495083667213837e-11 1.1314249053043655e+04 8.5515830581448203e-17
1.7663959520205080e-11 1.1423462789664349e+04 8.5489163644167148e-17
1.7834465491363534e-11 1.1533730740330575e+04 8.5462505022604222e-17
1.8006617315829574e-11 1.1645063081118107e+04 8.5436367987180098e-17
1.8180430880630957e-11 1.1757470086329840e+04 8.5410316561145017e-17
1.8355922226149276e-11 1.1870962129444155e+04 8.5384273078762201e-17
1.8533107547599918e-11 1.1985549684072033e+04 8.5358237537609479e-17
1.8712003196526974e-11 1.2101243324923818e+04 8.5332209935265354e-17
1.8892625682311915e-11 1.2218053728784898e+04 8.5306788664113655e-17
1.9074991673697464e-11 1.2335991675501215e+04 8.5282066966068728e-17
1.9259118000325594e-11 1.2455068048973881e+04 8.5257352432311395e-17
1.9445021654290907e-11 1.2575293838163798e+04 8.5232645060765153e-17
1.9632719791708491e-11 1.2696680138105577e+04 8.5207944849354557e-17
1.9822229734297451e-11 1.2819238150931646e+04 8.5183377703071194e-17
2.0013568970979153e-11 1.2942979186905826e+04 8.5160835930453053e-17
2.0206755159491468e-11 1.3067914665467311e+04 8.5138300122983599e-17
2.0401806128018049e-11 1.3194056116284308e+04 8.5115770279084272e-17
2.0598739876833875e-11 1.3321415180318247e+04 8.5093246397176991e-17
2.0797574579966119e-11 1.3450003610897871e+04 8.5070728475684010e-17
2.0998328586871655e-11 1.3579833274804096e+04 8.5050294267100979e-17
2.1201020424130086e-11 1.3710916153364922e+04 8.5030965170774972e-17
2.1405668797153837e-11 1.3843264343561354e+04 8.5011640467308147e-17
2.1612292591914018e-11 1.3976890059143539e+04 8.4992320155702139e-17
2.1820910876683673e-11 1.4111805631758150e+04 8.4973004234958816e-17
2.2031542903797146e-11 1.4248023512086171e+04 8.4954781821257588e-17
2.2244208111427124e-11 1.4385556270992149e+04 8.4939851088511848e-17
2.2458926125378146e-11 1.4524416600684053e+04 8.4924922979830213e-17
2.2675716760898128e-11 1.4664617315884821e+04 8.4909997494751212e-17
2.2894600024506632e-11 1.4806171355014721e+04 8.4895074632813865e-17
2.3115596115841563e-11 1.4949091781385610e+04 8.4880154393557344e-17
2.3338725429522898e-11 1.5093391784406251e+04 8.4870112123956592e-17
2.3564008557035187e-11 1.5239084680799730e+04 8.4860973157403987e-17
2.3791466288627452e-11 1.5386183915832144e+04 8.4851835174951800e-17
2.4021119615232219e-11 1.5534703064553660e+04 8.4842698176493989e-17
2.4252989730402242e-11 1.5684655833051014e+04 8.4833562161924638e-17
2.4487098032266784e-11 1.5836056059712655e+04 8.4827663654833599e-17
2.4723466125505908e-11 1.5988917716505544e+04 8.4825903233434774e-17
2.4962115823344698e-11 1.6143254910264828e+04 8.4824142848569996e-17
2.5203069149565853e-11 1.6299081883995419e+04 8.4822382500238180e-17
2.5446348340542589e-11 1.6456413018186682e+04 8.4820622188438722e-17
2.5691975847290314e-11 1.6615262832139269e+04 8.4819173219773297e-17
2.5939974337538882e-11 1.6775645985305295e+04 8.4826585906969568e-17
2.6190366697824150e-11 1.6937577278640922e+04 8.4833999241990382e-17
2.6443176035600402e-11 1.7101071655972533e+04 8.4841413224892094e-17
2.6698425681372443e-11 1.7266144205375549e+04 8.4848827855731453e-17
2.6956139190849086e-11 1.7432810160567118e+04 8.4856243134565109e-17
2.7216340347116503e-11 1.7601084902311657e+04 8.4870685641287240e-17
2.7479053162833558e-11 1.7770983959840571e+04 8.4889276294728405e-17
2.7744301882447322e-11 1.7942523012285070e+04 8.4907871020393193e-17
2.8012110984430945e-11 1.8115717890123411e+04 8.4926469819173409e-17
2.8282505183542166e-11 1.8290584576641511e+04 8.4945072691961146e-17
2.8555509433104607e-11 1.8467139209408277e+04 8.4966672354715411e-17
2.8831148927310124e-11 1.8645398081764546e+04 8.4998646652200151e-17
2.9109449103544280e-11 1.8825377644327033e+04 8.5030632982116799e-17
2.9390435644733431e-11 1.9007094506506157e+04 8.5062631348993344e-17
2.9674134481715274e-11 1.9190565438039150e+04 8.5094641757359486e-17
2.9960571795631446e-11 1.9375807370537350e+04 8.5126664211746640e-17
3.0249774020344111e-11 1.9562837399049044e+04 8.5171575468536735e-17
3.0541767844874960e-11 1.9751672783636765e+04 8.5219356441501198e-17
3.0836580215868611e-11 1.9942330950970452e+04 8.5267164219433951e-17
3.1134238340078989e-11 2.0134829495935363e+04 8.5314998817372443e-17
3.1434769686880533e-11 2.0329186183256130e+04 8.5362860250362633e-17
3.1738201990802722e-11 2.0525418949135845e+04 8.5418292143313376e-17
3.2044563254090042e-11 2.0723545902911646e+04 8.5484440228681261e-17
3.2353881749285726e-11 2.0923585328725607e+04 8.5550639539250307e-17
3.2666186021841314e-11 2.1125555687212396e+04 8.5616890114689237e-17
3.2981504892750510e-11 2.1329475617202610e+04 8.5683191994697993e-17
3.3299867461209438e-11 2.1535363937443184e+04 8.5749735997949079e-17
3.3621303107301519e-11 2.1743239648333736e+04 8.5836957804722989e-17
3.3945841494709343e-11 2.1953121933680366e+04 8.5924268330645740e-17
3.4273512573451684e-11 2.2165030162465686e+04 8.6011667665959176e-17
3.4604346582647900e-11 2.2378983890636628e+04 8.6099155900997496e-17
3.4938374053308103e-11 2.2595002862908830e+04 8.6186733126186543e-17
3.5275625811151165e-11 2.2813107014589114e+04 8.6288557601448061e-17
3.5616132979449007e-11 2.3033316473414863e+04 8.6399788583494547e-17
3.5959926981899279e-11 2.3255651561411880e+04 8.6511162948762495e-17
3.6307039545524811e-11 2.3480132796769420e+04 8.6622680882081129e-17
3.6657502703602044e-11 2.3706780895734100e+04 8.6734342568518314e-17
3.7011348798616702e-11 2.3935616774521317e+04 8.6851325217727599e-17
3.7368610485249042e-11 2.4166661551245867e+04 8.6989300215857168e-17
3.7729320733386858e-11 2.4399936547870468e+04 8.7127494405807501e-17
3.8093512831168663e-11 2.4635463292173827e+04 8.7265908135794226e-17
3.8461220388055101e-11 2.4873263519736953e+04 8.7404541754586197e-17
3.8832477337931196e-11 2.5113359175949408e+04 8.7543395611506318e-17
3.9207317942237334e-11 2.5355772418034143e+04 8.7705043199682637e-17
3.9585776793131597e-11 2.5600525617092626e+04 8.7872846308065602e-17
3.9967888816681901e-11 2.5847641360169215e+04 8.8040970468490385e-17
4.0353689276088886e-11 2.6097142452335440e+04 8.8209416295214735e-17
4.0743213774940764e-11 2.6349051918794936e+04 8.8378184403672123e-17
4.1136498260498291e-11 2.6603393007007900e+04 8.8559161046130085e-17
4.1533579027012891e-11 2.6860189188836917e+04 8.8759190120740779e-17
4.1934492719075357e-11 2.7119464162712611e+04 8.8959671002146145e-17
4.2339276334998282e-11 2.7381241855821117e+04 8.9160604710844692e-17
4.2747967230229759e-11 2.7645546426311728e+04 8.9361992269639979e-17
4.3160603120801426e-11 2.7912402265526805e+04 8.9563834703645808e-17
4.3577222086808403e-11 2.8181834000252267e+04 8.9797904639776523e-17
4.3997862575924195e-11 2.8453866494990722e+04 9.0033090977774397e-17
4.4422563406948130e-11 2.8728524854255640e+04 9.0268893283525519e-17
4.4851363773388486e-11 2.9005834424888584e+04 9.0505313170288316e-17
4.5284303247078700e-11 2.9285820798397872e+04 9.0742352255545864e-17
4.5721421781830039e-11 2.9568509813320754e+04 9.0999343555689428e-17
4.6162759717117927e-11 2.9853927557607458e+04 9.1271135017230418e-17
4.6608357781805526e-11 3.0142100371029195e+04 9.1543738249446663e-17
4.7058257097901516e-11 3.0433054847608426e+04 9.1817155676886870e-17
4.7512499184355902e-11 3.0726817838073599e+04 9.2091389731341171e-17
4.7971125960890772e-11 3.1023416452336554e+04 9.2372319335105602e-17
4.8434179751869627e-11 3.1322878061994874e+04 9.2681995368656895e-17
4.8901703290202548e-11 3.1625230302857366e+04 9.2992709583845638e-17
4.9373739721290547e-11 3.1930501077494937e+04 9.3304465461151721e-17
4.9850332607006465e-11 3.2238718557815071e+04 9.3617266492722793e-17
5.0331525929715844e-11 3.2549911187662186e+04 9.3931116182414010e-17
5.0817364096335104e-11 3.2864107685442061e+04 9.4271535956897445e-17
5.1307891942430375e-11 3.3181337046772620e+04 9.4620860235242910e-17
5.1803154736354381e-11 3.3501628547159300e+04 9.4971478938784532e-17
5.2303198183424814e-11 3.3825011744697236e+04 9.5323396864030217e-17
5.2808068430141414e-11 3.4151516482798492e+04 9.5676618825261152e-17
5.3317812068445499e-11 3.4481172892946743e+04 9.6042603781362672e-17
5.3832476140018786e-11 3.4814011397477370e+04 9.6430030331928686e-17
5.4352108140625500e-11 3.5150062712385545e+04 9.6819019723631597e-17
5.4876756024494715e-11 3.5489357850160319e+04 9.7209578260820988e-17
5.5406468208746565e-11 3.5831928122647143e+04 9.7601712273277602e-17
5.5941293577859671e-11 3.6177805143936937e+04 9.7995428116315713e-17
5.6481281488183216e-11 3.6527020833284150e+04 9.8418103159135861e-17
5.7026481772490985e-11 3.6879607418051863e+04 9.8843757548977017e-17
5.7576944744581061e-11 3.7235597436686483e+04 9.9271252877159384e-17
5.8132721203918055e-11 3.7595023741719924e+04 9.9700597105668551e-17
5.8693862440322160e-11 3.7957919502802040e+04 1.0013179823092469e-16
5.9260420238701442e-11 3.8324318209761070e+04 1.0057823987482997e-16
5.9832446883831736e-11 3.8694253675694847e+04 1.0103745930831284e-16
6.0409995165180839e-11 3.9067760040090630e+04 1.0149877544271584e-16
6.0993118381781106e-11 3.9444871771976286e+04 1.0196219785114134e-16
6.1581870347147233e-11 3.9825623673100636e+04 1.0242773615040113e-16
6.2176305394243332e-11 4.0210050881145769e+04 1.0289813238377368e-16
6.2776478380496139e-11 4.0598188872969084e+04 1.0338627733526962e-16
6.3382444692858495e-11 4.0990073467877912e+04 1.0387673802844261e-16
6.3994260252919720e-11 4.1385740830934454e+04 1.0436952544908629e-16
6.4611981522067363e-11 4.1785227476293927e+04 1.0486465063510990e-16
6.5235665506696668e-11 4.2188570270573597e+04 1.0536212467678616e-16
6.5865369763472554e-11 4.2595806436255720e+04 1.0587013670313310e-16
6.6501152404640040e-11 4.3006973555121891e+04 1.0638341420827481e-16
6.7143072103388338e-11 4.3422109571722009e+04 1.0689918017527636e-16
6.7791188099264304e-11 4.3841252796875269e+04 1.0741744666864920e-16
6.8445560203640534e-11 4.4264441911206384e+04 1.0793822581139628e-16
6.9106248805233908e-11 4.4691715968714510e+04 1.0846229457072281e-16
6.9773314875679720e-11 4.5123114400378079e+04 1.0899040077327707e-16
7.0446819975157232e-11 4.5558677017792936e+04 1.0952107834095169e-16
7.1126826258072022e-11 4.5998444016847112e+04 1.1005433979380199e-16
7.1813396478790612e-11 4.6442455981429521e+04 1.1059019771284317e-16
7.2506593997433028e-11 4.6890753887176041e+04 1.1112866474034783e-16
7.3206482785718737e-11 4.7343379105250155e+04 1.1166255044234264e-16
7.3913127432871520e-11 4.7800373406161663e+04 1.1219849686786227e-16
7.4626593151578866e-11 4.8261778963620724e+04 1.1273701567391470e-16
7.5346945784011301e-11 4.8727638358430588e+04 1.1327811920714791e-16
7.6074251807897462e-11 4.9197994582416424e+04 1.1382181987346934e-16
7.6808578342660187e-11 4.9672891042393581e+04 1.1435829566683510e-16
7.7549993155609432e-11 5.0152371564172608e+04 1.1488853574663389e-16
7.8298564668197354e-11 5.0636480396604515e+04 1.1542123436728958e-16
7.9054361962331396e-11 5.1125262215663446e+04 1.1595640292821024e-16
7.9817454786750731e-11 5.1618762128570466e+04 1.1649405288165969e-16
8.0587913563461817e-11 5.2117025677955404e+04 1.1703046373407686e-16
8.1365809394238458e-11 5.2620098846060624e+04 1.1754309607461265e-16
8.2151214067182212e-11 5.3128028058983633e+04 1.1805797391523575e-16
8.2944200063348691e-11 5.3640860190962354e+04 1.1857510709198340e-16
8.3744840563435071e-11 5.4158642568700103e+04 1.1909450548397761e-16
8.4553209454534977e-11 5.4681422975733934e+04 1.1961617901361457e-16
8.5369381336955741e-11 5.5209249656843516e+04 1.2011045259548497e-16
8.6193431531104300e-11 5.5742171322504269e+04 1.2059517958023142e-16
8.7025436084436759e-11 5.6280237153381713e+04 1.2108186276649624e-16
8.7865471778477813e-11 5.6823496804871014e+04 1.2157051004887684e-16
8.8713616135905067e-11 5.7372000411678506e+04 1.2206112935383060e-16
8.9569947427704731e-11 5.7925798592449311e+04 1.2253746081560768e-16
9.0434544680393371e-11 5.8484942454437740e+04 1.2298015471138806e-16
9.1307487683312329e-11 5.9049483598224666e+04 1.2342444793756167e-16
9.2188856995989583e-11 5.9619474122478525e+04 1.2387034627206564e-16
9.3078733955575719e-11 6.0194966628764218e+04 1.2431785551371210e-16
9.3977200684348590e-11 6.0776014226396459e+04 1.2476698148226200e-16
9.4884340097293485e-11 6.1362670537341961e+04 1.2516256152684697e-16
9.5800235909753486e-11 6.1954989701166931e+04 1.2555393086102937e-16
9.6724972645156485e-11 6.2553026380034345e+04 1.2594652396335672e-16
9.7658635642814109e-11 6.3156835763747455e+04 1.2634034466041519e-16
9.8601311065798665e-11 6.3766473574843963e+04 1.2673539679075622e-16
9.9553085908893170e-11 6.4381996073737384e+04 1.2709789335820942e-16
1.0051404800662128e-10 6.5003460063910039e+04 1.2742823973341191e-16
1.0148428604135147e-10 6.5630922897154145e+04 1.2775944472809819e-16
1.0246388955148257e-10 6.6264442478865545e+04 1.2809151057394872e-16
1.0345294893970549e-10 6.6904077273386487e+04 1.2842443950844358e-16
1.0445155548134740e-10 6.7549886309402063e+04 1.2875123908026295e-16
1.0545980133279350e-10 6.8201929185386543e+04 1.2901591667307665e-16
1.0647777953999315e-10 6.8860266075104431e+04 1.2928113837116399e-16
1.0750558404704606e-10 6.9524957733163203e+04 1.2954690529305741e-16
1.0854330970487104e-10 7.0196065500619516e+04 1.2981321855958882e-16
1.0959105227996108e-10 7.0873651310641202e+04 1.3008007929389496e-16
1.1064890846321931e-10 7.1557777694221499e+04 1.3029968122776364e-16
1.1171697587888384e-10 7.2248507785950962e+04 1.3049866850984729e-16
1.1279535309353532e-10 7.2945905329842630e+04 1.3069795967554778e-16
1.1388413962519486e-10 7.3650034685215840e+04 1.3089755518894169e-16
1.1498343595250629e-10 7.4360960832634402e+04 1.3109745551481343e-16
1.1609334352401067e-10 7.5078749379904562e+04 1.3127936033394348e-16
1.1721396476750658e-10 7.5803466568128424e+04 1.3141672525909567e-16
1.1834540309950458e-10 7.6535179277818155e+04 1.3155423391683907e-16
1.1948776293476908e-10 7.7273955035066916e+04 1.3169188645756953e-16
1.2064114969595613e-10 7.8019862017781677e+04 1.3182968303183972e-16
1.2180566982334050e-10 7.8772969061973781e+04 1.3196762379035961e-16
1.2298143078464046e-10 7.9533345668112772e+04 1.3205888624796158e-16
1.2416854108493330e-10 8.0301062007538872e+04 1.3214414504247260e-16
1.2536711027667103e-10 8.1076188928940173e+04 1.3222945888108004e-16
1.2657724896978805e-10 8.1858797964889498e+04 1.3231482779932059e-16
1.2779906884191114e-10 8.2648961338447116e+04 1.3240025183275457e-16
1.2903268264866330e-10 8.3446751969824531e+04 1.3246706553068810e-16
1.3027820423407176e-10 8.4252243483115308e+04 1.3251371633373535e-16
1.3153574854107163e-10 8.5065510213088011e+04 1.3256038356575218e-16
1.3280543162211588e-10 8.5886627212047650e+04 1.3260706723252484e-16
1.3408737064988284e-10 8.6715670256760452e+04 1.3265376733984098e-16
1.3538168392809181e-10 8.7552715855448332e+04 1.3269879089762184e-16
1.3668849090241839e-10 8.8397841254848041e+04 1.3272307483443513e-16
1.3800791217151986e-10 8.9251124447341295e+04 1.3274736321521928e-16
1.3934006949816227e-10 9.0112644178150877e+04 1.3277165604078803e-16
1.4068508582045962e-10 9.0982479952609036e+04 1.3279595331195419e-16
1.4204308526321706e-10 9.1860712043493288e+04 1.3282025502953186e-16
1.4341419314938779e-10 9.2747421498435739e+04 1.3284069043855694e-16
1.4479853601163633e-10 9.3642690147401139e+04 1.3285922641468279e-16
1.4619624160401787e-10 9.4546600610240057e+04 1.3287776497723284e-16
1.4760743891376580e-10 9.5459236304311926e+04 1.3289630612656851e-16
1.4903225817319745e-10 9.6380681452184741e+04 1.3291484986305024e-16
1.5047083087173047e-10 9.7311021089406015e+04 1.3293568162073868e-16
1.5192328976801942e-10 9.8250341072351774e+04 1.3296283945960166e-16
1.5338976890220524e-10 9.9198728086148360e+04 1.3299000284662301e-16
1.5487040360828746e-10 1.0015626965267363e+05 1.3301717178293592e-16
1.5636533052661110e-10 1.0112305413863236e+05 1.3304434626967453e-16
1.5787468761647886e-10 1.0209917076371283e+05 1.3307152630797253e-16
1.5939861416888037e-10 1.0308470960881871e+05 1.3311436207886240e-16
1.6093725081934904e-10 1.0407976162438394e+05 1.3315974812819373e-16
1.6249073956093823e-10 1.0508441863876440e+05 1.3320514965213962e-16
1.6405922375732738e-10 1.0609877336671387e+05 1.3325056665597661e-16
1.6564284815605000e-10 1.0712291941793867e+05 1.3329599914498228e-16
1.6724175890185419e-10 1.0815695130573800e+05 1.3335109601341025e-16
1.6885610355018694e-10 1.0920096445572446e+05 1.3341774975786190e-16
1.7048603108081398e-10 1.1025505521463214e+05 1.3348443681828760e-16
1.7213169191156568e-10 1.1131932085920614e+05 1.3355115721133985e-16
1.7379323791222109e-10 1.1239385960518163e+05 1.3361791095367948e-16
1.7547082241852052e-10 1.1347877061634581e+05 1.3368556844385052e-16
1.7716460024631878e-10 1.1457415401369109e+05 1.3376957632847522e-16
1.7887472770586968e-10 1.1568011088465297e+05 1.3385363700357531e-16
1.8060136261625395e-10 1.1679674329244060e+05 1.3393775050232380e-16
1.8234466431994055e-10 1.1792415428545399e+05 1.3402191685791523e-16
1.8410479369749473e-10 1.1906244790679557e+05 1.3410613610356509e-16
1.8588191318242175e-10 1.2021172920386998e+05 1.3419527618620973e-16
1.8767618677616016e-10 1.2137210423808031e+05 1.3428714822319349e-16
1.8948778006321345e-10 1.2254368009461391e+05 1.3437908315710939e-16
1.9131686022643443e-10 1.2372656489232689e+05 1.3447108103101758e-16
1.9316359606245021e-10 1.2492086779371969e+05 1.3456314188800769e-16
1.9502815799724301e-10 1.2612669901501332e+05 1.3465411137770251e-16
1.9691071810187457e-10 1.2734416983631848e+05 1.3474149966062538e-16
1.9881145010836907e-10 1.2857339261190723e+05 1.3482894465709341e-16
2.0073052942574255e-10 1.2981448078057940e+05 1.3491644640391224e-16
2.0266813315619412e-10 1.3106754887613351e+05 1.3500400493791238e-16
2.0462444011144619e-10 1.3233271253793431e+05 1.3509162029594735e-16
2.0659963082924965e-10 1.3361008852158670e+05 1.3516592056520805e-16
2.0859388759004132e-10 1.3489979470970845e+05 1.3523763359103704e-16
2.1060739443376921e-10 1.3620195012281105e+05 1.3530938466460830e-16
2.1264033717687320e-10 1.3751667493028141e+05 1.3538117380610778e-16
2.1469290342943620e-10 1.3884409046147382e+05 1.3545300103573309e-16
2.1676528261249490e-10 1.4018431921690473e+05 1.3551512952986813e-16
2.1885766597552359e-10 1.4153748487955981e+05 1.3556441980594394e-16
2.2097024661408000e-10 1.4290371232630580e+05 1.3561372801013834e-16
2.2310321948762903e-10 1.4428312763941722e+05 1.3566305414897228e-16
2.2525678143753070e-10 1.4567585811820926e+05 1.3571239822896901e-16
2.2743113120520932e-10 1.4708203229078819e+05 1.3576116934062492e-16
2.2962646945049079e-10 1.4850177992591009e+05 1.3578773169972482e-16
2.3184299877012418e-10 1.4993523204495900e+05 1.3581429925588481e-16
2.3408092371647451e-10 1.5138252093403577e+05 1.3584087201012119e-16
2.3634045081640366e-10 1.5284378015616848e+05 1.3586744996345130e-16
2.3862178859032600e-10 1.5431914456363599e+05 1.3589403311689259e-16
2.4092514757145539e-10 1.5580875031041508e+05 1.3590984293205022e-16
2.4325074032523046e-10 1.5731273486474305e+05 1.3591907468139510e-16
2.4559878146893515e-10 1.5883123702180642e+05 1.3592830705781127e-16
2.4796948769150060e-10 1.6036439691654715e+05 1.3593754006134162e-16
2.5036307777350630e-10 1.6191235603659751e+05 1.3594677369202872e-16
2.5277977260736634e-10 1.6347525723533472e+05 1.3595400571614942e-16
2.5521979521771827e-10 1.6505324474506671e+05 1.3595397055073665e-16
2.5768337078200120e-10 1.6664646419034008e+05 1.3595393538533324e-16
2.6017072665124003e-10 1.6825506260138156e+05 1.3595390021993864e-16
2.6268209237102267e-10 1.6987918842766416e+05 1.3595386505455339e-16
2.6521769970268764e-10 1.7151899155160945e+05 1.3595382988917704e-16
2.6777778264470830e-10 1.7317462330241676e+05 1.3595171299090931e-16
2.7036257745429092e-10 1.7484623647003129e+05 1.3594911114210052e-16
2.7297232266917420e-10 1.7653398531924162e+05 1.3594650934308575e-16
2.7560725912964660e-10 1.7823802560391880e+05 1.3594390759386459e-16
2.7826763000076804e-10 1.7995851458138728e+05 1.3594130589443552e-16
2.8095368079481454e-10 1.8169561102694020e+05 1.3593862630880652e-16
2.8366565939393145e-10 1.8344947524848921e+05 1.3593583279724598e-16
2.8640381607301249e-10 1.8522026910136087e+05 1.3593303934309178e-16
2.8916840352279509e-10 1.8700815600323249e+05 1.3593024594634229e-16
2.9195967687317825e-10 1.8881330094921193e+05 1.3592745260699677e-16
2.9477789371677090e-10 1.9063587052706681e+05 1.3592465658135804e-16
2.9762331413265960e-10 1.9247603293259515e+05 1.3591945422441976e-16
3.0049620071041422e-10 1.9433395798515013e+05 1.3591425206659560e-16
3.0339681857431664e-10 1.9620981714330905e+05 1.3590905010787793e-16
3.0632543540783225e-10 1.9810378352069925e+05 1.3590384834825915e-16
3.0928232147830848e-10 2.0001603190197100e+05 1.3589864678773159e-16
3.1226774966192100e-10 2.0194673875893041e+05 1.3588940348509120e-16
3.1528199546885173e-10 2.0389608226682220e+05 1.3587742333813412e-16
3.1832533706871856e-10 2.0586424232077552e+05 1.3586544424735864e-16
3.2139805531624182e-10 2.0785140055240266e+05 1.3585346621267218e-16
3.2450043377716741e-10 2.0985774034656386e+05 1.3584148923398128e-16
3.2763275875443131e-10 2.1188344685828796e+05 1.3582760906909936e-16
3.3079531931458550e-10 2.1392870702986256e+05 1.3580567794807415e-16
3.3398840731446963e-10 2.1599370960808272e+05 1.3578375036811181e-16
3.3721231742815016e-10 2.1807864516167282e+05 1.3576182632864009e-16
3.4046734717410897e-10 2.2018370609886973e+05 1.3573990582908757e-16
3.4375379694270556e-10 2.2230908668518282e+05 1.3571798886888273e-16
3.4707197002389260e-10 2.2445498306131799e+05 1.3568811864561409e-16
3.5042217263521118e-10 2.2662159326128234e+05 1.3565609279297703e-16
3.5380471395004364e-10 2.2880911723065583e+05 1.3562407449925706e-16
3.5721990612615235e-10 2.3101775684504720e+05 1.3559206376267007e-16
3.6066806433448059e-10 2.3324771592872016e+05 1.3556006058143236e-16
3.6414950678824428e-10 2.3549920027340719e+05 1.3552496922958670e-16
3.6766455477229225e-10 2.3777241765729708e+05 1.3548486582414635e-16
3.7121353267276228e-10 2.4006757786421367e+05 1.3544477428576735e-16
3.7479676800701065e-10 2.4238489270297191e+05 1.3540469461093840e-16
3.7841459145384325e-10 2.4472457602692847e+05 1.3536462679614837e-16
3.8206733688402634e-10 2.4708684375371324e+05 1.3532457083788808e-16
3.8575534139110380e-10 2.4947191388515933e+05 1.3527836066383769e-16
3.8947894532249961e-10 2.5188000652741725e+05 1.3523201711211669e-16
3.9323849231093307e-10 2.5431134391127163e+05 1.3518568943673201e-16
3.9703432930612479e-10 2.5676615041264548e+05 1.3513937763224526e-16
4.0086680660682100e-10 2.5924465257331097e+05 1.3509308169321892e-16
4.0473627789311454e-10 2.6174707912179164e+05 1.3504324905977027e-16
4.0864310025909091e-10 2.6427366099447483e+05 1.3499077134029468e-16
4.1258763424577608e-10 2.6682463135691942e+05 1.3493831401362702e-16
4.1657024387441532e-10 2.6940022562537767e+05 1.3488587707184292e-16
4.2059129668006035e-10 2.7200068148851639e+05 1.3483346050702029e-16
4.2465116374549457e-10 2.7462623892935639e+05 1.3477985685179558e-16
4.2875021973547078e-10 2.7727714024741494e+05 1.3472023106529966e-16
4.3288884293129466e-10 2.7995363008107070e+05 1.3466063165688776e-16
4.3706741526572700e-10 2.8265595543013571e+05 1.3460105861489082e-16
4.4128632235823767e-10 2.8538436567865440e+05 1.3454151192764423e-16
4.4554595355058554e-10 2.8813911261791334e+05 1.3448199158348861e-16
4.4984670194275561e-10 2.9092045046968246e+05 1.3441647993935747e-16
4.5418896442922940e-10 2.9372863590967114e+05 1.3434911661240553e-16
4.5857314173561950e-10 2.9656392809122027e+05 1.3428178704483920e-16
4.6299963845564305e-10 2.9942658866921358e+05 1.3421449121974038e-16
4.6746886308846724e-10 3.0231688182422903e+05 1.3414722912019867e-16
4.7198122807640033e-10 3.0523507428691414e+05 1.3407728085334234e-16
4.7653714984296070e-10 3.0818143536260579e+05 1.3400246353556158e-16
4.8113704883130003e-10 3.1115623695617839e+05 1.3392768796706905e-16
4.8578134954301039e-10 3.1415975359714153e+05 1.3385295412456766e-16
4.9047048057729248e-10 3.1719226246496983e+05 1.3377826198477416e-16
4.9520487467051650e-10 3.2025404341468762e+05 1.3370361152441747e-16
4.9998496873614855e-10 3.2334537900269002e+05 1.3362221405281144e-16
5.0481120390508059e-10 3.2646655451282416e+05 1.3354052112348224e-16
5.0968402556633105e-10 3.2961785798271105e+05 1.3345887813895289e-16
5.1460388340815584e-10 3.3279958023033274e+05 1.3337728506868822e-16
5.1957123145954002e-10 3.3601201488086459e+05 1.3329574188217212e-16
5.2458652813210602e-10 3.3925545839377859e+05 1.3321039256373730e-16
5.2965023626240918e-10 3.4253021009019593e+05 1.3312190221392342e-16
5.3476282315465993e-10 3.4583657218051585e+05 1.3303347064737634e-16
5.3992476062383970e-10 3.4917484979229933e+05 1.3294509782504663e-16
5.4513652503925186e-10 3.5254535099843354e+05 1.3285678370791086e-16
5.5039859736847362e-10 3.5594838684555650e+05 1.3276751695755788e-16
5.5571146322175178e-10 3.5938427138276794e+05 1.3267218888947827e-16
5.6107561289680788e-10 3.6285332169060525e+05 1.3257692926766326e-16
5.6649154142409452e-10 3.6635585791031137e+05 1.3248173804296743e-16
5.7195974861247047e-10 3.6989220327337313e+05 1.3238661516628163e-16
5.7748073909533391e-10 3.7346268413135625e+05 1.3229156058853100e-16
5.8305502237718390e-10 3.7706762998601719e+05 1.3219143118787429e-16
5.8868311288064891e-10 3.8070737351971673e+05 1.3208954130390814e-16
5.9436552999395168e-10 3.8438225062611600e+05 1.3198772995414319e-16
6.0010279811884900e-10 3.8809260044118011e+05 1.3188599707804722e-16
6.0589544671901834e-10 3.9183876537446945e+05 1.3178434261513492e-16
6.1174401036892728e-10 3.9562109114074492e+05 1.3168054460428469e-16
6.1764902880315842e-10 3.9943992679186614e+05 1.3157235726411289e-16
6.2361104696622763e-10 4.0329562474900990e+05 1.3146425880951324e-16
6.2963061506286487e-10 4.0718854083518696e+05 1.3135624916745867e-16
6.3570828860879978e-10 4.1111903430808568e+05 1.3124832826498136e-16
6.4184462848201664e-10 4.1508746789321955e+05 1.3114049602917420e-16
6.4804020097452643e-10 4.1909420781740797e+05 1.3102676018904970e-16
6.5429557784461565e-10 4.2313962384256662e+05 1.3091265042549215e-16
6.6061133636962220e-10 4.2722408929983794e+05 1.3079864003887174e-16
6.6698805939919807e-10 4.3134798112403695e+05 1.3068472894264239e-16
6.7342633540910929e-10 4.3551167988844373e+05 1.3057091705033324e-16
6.7992675855553171e-10 4.3971556983991753e+05 1.3045395296407744e-16
6.8648992872989433e-10 4.4396003893436410e+05 1.3033411779887116e-16
6.9311645161422837e-10 4.4824547887253098e+05 1.3021439271439829e-16
6.9980693873707481e-10 4.5257228513616294e+05 1.3009477760953875e-16
7.0656200752990732e-10 4.5694085702449165e+05 1.2997527238326469e-16
7.1338228138412307e-10 4.6135159769109223e+05 1.2985518322797328e-16
7.2026838970856194e-10 4.6580491418108111e+05 1.2972997126270820e-16
7.2722096798760220e-10 4.7030121746868751e+05 1.2960488003221748e-16
7.3424065783979455e-10 4.7484092249517253e+05 1.2947990942008345e-16
7.4132810707708588e-10 4.7942444820712990e+05 1.2935505931000064e-16
7.4848396976459121e-10 4.8405221759514051e+05 1.2923032958577586e-16
7.5570890628096482e-10 4.8872465773281606e+05 1.2910171355961708e-16
7.6300358337933232e-10 4.9344219981620339e+05 1.2897160640402700e-16
7.7036867424883221e-10 4.9820527920358477e+05 1.2884163036886487e-16
7.7780485857673616e-10 5.0301433545565145e+05 1.2871178532198916e-16
7.8531282261116972e-10 5.0786981237606594e+05 1.2858207113139142e-16
7.9289325922445416e-10 5.1277215805242525e+05 1.2845084840697186e-16
8.0054686797703407e-10 5.1772182489760447e+05 1.2831606359901782e-16
8.0827435518205067e-10 5.2271926969151600e+05 1.2818142022216079e-16
8.1607643397050960e-10 5.2776495362325525e+05 1.2804691812799623e-16
8.2395382435710666e-10 5.3285934233366977e+05 1.2791255716827465e-16
8.3190725330665970e-10 5.3800290595832211e+05 1.2777833719490211e-16
8.3993745480121106e-10 5.4319611917088553e+05 1.2763969663479851e-16
8.4804516990774928e-10 5.4843946122694016e+05 1.2750071188150014e-16
8.5623114684661122e-10 5.5373341600820969e+05 1.2736187846639957e-16
8.6449614106051930e-10 5.5907847206720780e+05 1.2722319622470729e-16
8.7284091528431014e-10 5.6447512267233315e+05 1.2708466499181262e-16
8.8126623961531045e-10 5.6992386585338181e+05 1.2694389026038224e-16
8.8977289158441883e-10 5.7542520444751624e+05 1.2680085212999530e-16
8.9836165622784624e-10 5.8097964614566159e+05 1.2665797517244385e-16
9.0703332615957750e-10 5.8658770353936614e+05 1.2651525920612144e-16
9.1578870164450319e-10 5.9224989416809706e+05 1.2637270404962557e-16
9.2462859067228667e-10 5.9796674056701106e+05 1.2622988278964387e-16
9.3355380903191430e-10 6.0373877031516633e+05 1.2608302459626362e-16
9.4256518038699585e-10 6.0956651608422073e+05 1.2593633726043675e-16
9.5166353635176111e-10 6.1545051568757859e+05 1.2578982058338478e-16
9.6084971656782068e-10 6.2139131213003374e+05 1.2564347436655975e-16
9.7012456878163642e-10 6.2738945365786995e+05 1.2549729841164549e-16
9.7948894892277155e-10 6.3344549380946613e+05 1.2534819772163847e-16
9.8894372118286551e-10 6.3955999146636960e+05 1.2519786728340745e-16
9.9848975809539937e-10 6.4573351090488257e+05 1.2504771713688441e-16
1.0081279406162033e-09 6.5196662184812583e+05 1.2489774706584518e-16
1.0178591582047714e-09 6.5825989951862663e+05 1.2474795685432440e-16
1.0276843089063292e-09 6.6461392469139199e+05 1.2459708563595945e-16
1.0376042994347260e-09 6.7102928374751646e+05 1.2444319522934656e-16
1.0476200452560941e-09 6.7750656872828538e+05 1.2428949489344963e-16
1.0577324706733497e-09 6.8404637738982227e+05 1.2413598439351110e-16
1.0679425089114751e-09 6.9064931325824198e+05 1.2398266349506413e-16
1.0782511022036588e-09 6.9731598568535794e+05 1.2382953196393087e-16
1.0886592018782314e-09 7.0404700990490499e+05 1.2367262626946476e-16
1.0991677684464775e-09 7.1084300708932767e+05 1.2351536584082066e-16
1.1097777716912577e-09 7.1770460440709349e+05 1.2335830538239767e-16
1.1204901907565234e-09 7.2463243508058297e+05 1.2320144463991610e-16
1.1313060142376592e-09 7.3162713844451471e+05 1.2304478335942037e-16
1.1422262402727331e-09 7.3868936000495811e+05 1.2288570958348237e-16
1.1532518766345919e-09 7.4581975149889209e+05 1.2272392789969359e-16
1.1643839408238817e-09 7.5301897095436265e+05 1.2256235920497630e-16
1.1756234601629286e-09 7.6028768275119679e+05 1.2240100321892601e-16
1.1869714718905654e-09 7.6762655768232711e+05 1.2223985966150739e-16
1.1984290232578328e-09 7.7503627301568340e+05 1.2207870869298987e-16
1.2099971716246453e-09 7.8251751255670702e+05 1.2191473634278947e-16
1.2216769845573490e-09 7.9007096671144303e+05 1.2175098423518454e-16
1.2334695399272626e-09 7.9769733255026711e+05 1.2158745207435184e-16
1.2453759260101284e-09 8.0539731387220207e+05 1.2142413956486541e-16
1.2573972415865636e-09 8.1317162126988044e+05 1.2126104641169687e-16
1.2695345960434420e-09 8.2102097219510877e+05 1.2109409168837179e-16
1.2817891094762933e-09 8.2894609102509078e+05 1.2092529046586150e-16
1.2941619127926503e-09 8.3694770912926318e+05 1.2075672454676158e-16
1.3066541478164362e-09 8.4502656493680319e+05 1.2058839360306627e-16
1.3192669673933168e-09 8.5318340400476160e+05 1.2042029730722773e-16
1.3320015354971112e-09 8.6141897908687952e+05 1.2025093993604905e-16
1.3448590273371882e-09 8.6973405020304280e+05 1.2007751486556509e-16
1.3578406294669432e-09 8.7812938470943435e+05 1.1990433990751342e-16
1.3709475398932744e-09 8.8660575736933504e+05 1.1973141470118362e-16
1.3841809681871667e-09 8.9516395042463799e+05 1.1955873888638552e-16
1.3975421355952919e-09 9.0380475366802211e+05 1.1938631210344835e-16
1.4110322751527349e-09 9.1252896451585356e+05 1.1920869357111875e-16
1.4246526317967616e-09 9.2133738808176026e+05 1.1903039973663880e-16
1.4384044624817308e-09 9.3023083725094667e+05 1.1885237256636291e-16
1.4522890362950690e-09 9.3921013275519584e+05 1.1867461166145666e-16
1.4663076345744114e-09 9.4827610324862588e+05 1.1849711662368125e-16
1.4804615510258272e-09 9.5742958538414701e+05 1.1832502362546677e-16
1.4947520918432316e-09 9.6667142389068718e+05 1.1815951114871948e-16
1.5091805758289050e-09 9.7600247165113268e+05 1.1799423019003250e-16
1.5237483345152235e-09 9.8542358978105208e+05 1.1782918042555928e-16
1.5384567122875125e-09 9.9493564770814811e+05 1.1766436153190692e-16
1.5533070665081409e-09 1.0045395232525093e+06 1.1749859139565926e-16
1.5683007676417612e-09 1.0142361027076048e+06 1.1730655948388825e-16
1.5834391993817898e-09 1.0240262809220804e+06 1.1711484141634893e-16
1.5987237587781240e-09 1.0339109613823543e+06 1.1692343668011505e-16
1.6141558563660298e-09 1.0438910562959699e+06 1.1673234476309868e-16
1.6297369162963382e-09 1.0539674866757959e+06 1.1654156515404886e-16
1.6454683764668613e-09 1.0641411824250130e+06 1.1634571256847095e-16
1.6613516886551139e-09 1.0744130824229484e+06 1.1614713487482557e-16
1.6773883186522514e-09 1.0847841346116927e+06 1.1594889611159324e-16
1.6935797463983669e-09 1.0952552960835996e+06 1.1575099570029088e-16
1.7099274661190549e-09 1.1058275331696009e+06 1.1555343306342302e-16
1.7264329864633306e-09 1.1165018215284033e+06 1.1535404432426880e-16
1.7430978306428181e-09 1.1272791462365002e+06 1.1514788022105475e-16
1.7599235365723438e-09 1.1381605018790963e+06 1.1494208458032244e-16
1.7769116570118514e-09 1.1491468926418847e+06 1.1473665674354508e-16
1.7940637597097257e-09 1.1602393324037369e+06 1.1453159605337286e-16
1.8113814275474297e-09 1.1714388448302397e+06 1.1432690185363034e-16
1.8288662586856098e-09 1.1827464634681840e+06 1.1411417824246056e-16
1.8465198667115660e-09 1.1941632318409348e+06 1.1390010709643352e-16
1.8643438807881932e-09 1.2056902035447536e+06 1.1368643753464683e-16
1.8823399458042826e-09 1.2173284423459992e+06 1.1347316880375290e-16
1.9005097225263511e-09 1.2290790222793170e+06 1.1326030015181812e-16
1.9188548877518893e-09 1.2409430277467470e+06 1.1304318222258984e-16
1.9373771344641346e-09 1.2529215536178176e+06 1.1282014739751112e-16
1.9560781719882647e-09 1.2650157053305551e+06 1.1259755262137847e-16
1.9749597261491701e-09 1.2772265989935196e+06 1.1237539702597289e-16
1.9940235394307080e-09 1.2895553614887944e+06 1.1215367974478840e-16
2.0132713711365393e-09 1.3020031305760017e+06 1.1193218889419211e-16
2.0327049975524381e-09 1.3145710549972688e+06 1.1169956200495480e-16
2.0523262121102394e-09 1.3272602945832559e+06 1.1146741858048425e-16
2.0721368255533702e-09 1.3400720203602067e+06 1.1123575761600329e-16
2.0921386661039051e-09 1.3530074146579846e+06 1.1100457810882302e-16
2.1123335796313195e-09 1.3660676712192057e+06 1.1077387905833839e-16
2.1327234298228124e-09 1.3792539953093918e+06 1.1053598278605327e-16
2.1533100983553382e-09 1.3925676038282213e+06 1.1029375996753582e-16
2.1740954850692005e-09 1.4060097254217966e+06 1.1005206794353710e-16
2.1950815081434148e-09 1.4195816005960521e+06 1.0981090555090200e-16
2.2162701042727124e-09 1.4332844818312242e+06 1.0957027162902359e-16
2.2376632288462998e-09 1.4471196336974571e+06 1.0932742822347388e-16
2.2592628561282614e-09 1.4610883329714716e+06 1.0907472363877161e-16
2.2810709794397887e-09 1.4751918687544132e+06 1.0882260316738970e-16
2.3030896113431162e-09 1.4894315425908067e+06 1.0857106545918144e-16
2.3253207838272875e-09 1.5038086685886923e+06 1.0832010916712028e-16
2.3477665484956209e-09 1.5183245735408622e+06 1.0806973294729328e-16
2.3704289767550822e-09 1.5329805970473283e+06 1.0780900230195491e-16
2.3933101600074200e-09 1.5477780916389336e+06 1.0754622529872754e-16
2.4164122098422137e-09 1.5627184229021969e+06 1.0728408879631133e-16
2.4397372582316817e-09 1.5778029696052973e+06 1.0702259123352976e-16
2.4632874577274697e-09 1.5930331238253394e+06 1.0676173105301156e-16
2.4870649816592786e-09 1.6084102910768085e+06 1.0649597038446804e-16
2.5110720243354707e-09 1.6239358904413038e+06 1.0622252065970948e-16
2.5353108012455113e-09 1.6396113546984599e+06 1.0594977307186468e-16
2.5597835492644655e-09 1.6554381304581966e+06 1.0567772581805648e-16
2.5844925268594065e-09 1.6714176782942063e+06 1.0540637710003729e-16
2.6094400142978802e-09 1.6875514728787695e+06 1.0513572512417618e-16
2.6346283138582799e-09 1.7038410031188049e+06 1.0485194235745778e-16
2.6600597500423487e-09 1.7202877722932997e+06 1.0456882985210594e-16
2.6857366697896787e-09 1.7368932981920263e+06 1.0428648178362481e-16
2.7116614426943414e-09 1.7536591132556398e+06 1.0400489608794509e-16
2.7378364612234982e-09 1.7705867647170560e+06 1.0372407070657129e-16
2.7642641409382341e-09 1.7876778147442669e+06 1.0343596173109568e-16
2.7909469207164568e-09 1.8049338405844911e+06 1.0314303779224350e-16
2.8178872629780110e-09 1.8223564347097587e+06 1.0285094339499845e-16
2.8450876539118573e-09 1.8399472049638284e+06 1.0255967619015274e-16
2.8725506037055538e-09 1.8577077747105979e+06 1.0226923383515104e-16
2.9002786467768868e-09 1.8756397829838993e+06 1.0197721965044106e-16
2.9282743420078049e-09 1.8937448846387893e+06 1.0167539510892425e-16
2.9565402729804967e-09 1.9120247505042213e+06 1.0137446388509324e-16
2.9850790482158627e-09 1.9304810675372672e+06 1.0107442333497320e-16
3.0138933014142183e-09 1.9491155389787850e+06 1.0077527082241476e-16
3.0429856916983954e-09 1.9679298845106314e+06 1.0047700371907080e-16
3.0723589038590631e-09 1.9869258404143173e+06 1.0017026784927833e-16
3.1020156486025465e-09 2.0061051597312705e+06 9.9861812026389314e-17
3.1319586628009537e-09 2.0254696124246002e+06 9.9554306036187534e-17
3.1621907097448056e-09 2.0450209855424697e+06 9.9247746953838275e-17
3.1927145793979634e-09 2.0647610833829662e+06 9.8942131863514392e-17
3.2235330886551568e-09 2.0846917276606422e+06 9.8633526353882904e-17
3.2546490816019111e-09 2.1048147576746158e+06 9.8319303866061065e-17
3.2860654297770671e-09 2.1251320304783452e+06 9.8006082414859196e-17
3.3177850324377045e-09 2.1456454210509546e+06 9.7693858811217762e-17
3.3498108168267498e-09 2.1663568224703022e+06 9.7382629876236240e-17
3.3821457384430893e-09 2.1872681460876628e+06 9.7072392441141824e-17
3.4147927813143754e-09 2.2083813217041558e+06 9.6754910682745738e-17
3.4477549582723233e-09 2.2296982977487813e+06 9.6438198984720372e-17
3.4810353112308036e-09 2.2512210414582663e+06 9.6122523991694876e-17
3.5146369114665406e-09 2.2729515390585950e+06 9.5807882310181661e-17
3.5485628599025977e-09 2.2948917959483410e+06 9.5494270557800792e-17
3.5828162873944672e-09 2.3170438368836846e+06 9.5178331913461966e-17
3.6174003550190491e-09 2.3394097061652998e+06 9.4860848352071772e-17
3.6523182543663518e-09 2.3619914678269979e+06 9.4544423811256525e-17
3.6875732078340776e-09 2.3847912058262411e+06 9.4229054758471784e-17
3.7231684689249205e-09 2.4078110242364067e+06 9.3914737672957659e-17
3.7591073225468725e-09 2.4310530474409973e+06 9.3601019846933987e-17
3.7953930853163371e-09 2.4545194203296709e+06 9.3285971918565515e-17
3.8320291058642698e-09 2.4782123084962214e+06 9.2971984397416380e-17
3.8690187651451137e-09 2.5021338984383713e+06 9.2659053714304040e-17
3.9063654767488681e-09 2.5262863977595917e+06 9.2347176312059776e-17
3.9440726872160870e-09 2.5506720353728118e+06 9.2036348645487829e-17
3.9821438763559985e-09 2.5752930617061537e+06 9.1727193139298672e-17
4.0205825575675513e-09 2.6001517489105524e+06 9.1419280216240797e-17
4.0593922781637060e-09 2.6252503910694821e+06 9.1112400905625855e-17
4.0985766196987718e-09 2.6505913044106448e+06 9.0806551737789079e-17
4.1381391982989933e-09 2.6761768275197665e+06 9.0501729254712382e-17
4.1780836649961629e-09 2.7020093215563479e+06 9.0199664664905227e-17
4.2184137060646306e-09 2.7280911704716086e+06 8.9901839992679031e-17
4.2591330433614468e-09 2.7544247812284664e+06 8.9604998689246152e-17
4.3002454346699123e-09 2.7810125840237099e+06 8.9309137507681963e-17
4.3417546740462575e-09 2.8078570325122019e+06 8.9014253211783182e-17
4.3836645921698467e-09 2.8349606040333589e+06 8.8720342576031403e-17
4.4259790566966559e-09 2.8623257998397495e+06 8.8436338476888473e-17
4.4687019726162713e-09 2.8899551453279699e+06 8.8153776216374740e-17
4.5118372826121560e-09 2.9178511902716300e+06 8.7872116768352230e-17
4.5553889674255712e-09 2.9460165090567046e+06 8.7591357248251866e-17
4.5993610462228977e-09 2.9744537009190884e+06 8.7311494780721071e-17
4.6437575769666279e-09 3.0031653901845142e+06 8.7040164066019207e-17
4.6885826567897334e-09 3.0321542265106654e+06 8.6776199060687305e-17
4.7338404223738517e-09 3.0614228851317493e+06 8.6513034576870672e-17
4.7795350503309966e-09 3.0909740671053561e+06 8.6250668186843798e-17
4.8256707575890767e-09 3.1208104995617750e+06 8.5989097470242621e-17
4.8722518017809345e-09 3.1509349359555938e+06 8.5730838233242476e-17
4.9192824816373464e-09 3.1813501563198497e+06 8.5489628749036471e-17
4.9667671373836843e-09 3.2120589675225606e+06 8.5249097923950917e-17
5.0147101511405381e-09 3.2430642035258091e+06 8.5009243848532549e-17
5.0631159473279967e-09 3.2743687256471943e+06 8.4770064618700897e-17
5.1119889930740386e-09 3.3059754228239432e+06 8.4531558335732240e-17
5.1613337986267366e-09 3.3378872118794881e+06 8.4310532163104179e-17
5.2111549177705710e-09 3.3701070377926999e+06 8.4096326104511958e-17
5.2614569482465508e-09 3.4026378739695847e+06 8.3882664274907019e-17
5.3122445321765988e-09 3.4354827225177386e+06 8.3669545291577838e-17
5.3635223564919062e-09 3.4686446145233684e+06 8.3456967775326035e-17
5.4152951533655554e-09 3.5021266103310739e+06 8.3253543485684166e-17
5.4675677006490970e-09 3.5359317998261852e+06 8.3068564354688988e-17
5.5203448223135360e-09 3.5700633027199544e+06 8.2883996224565052e-17
5.5736313888945824e-09 3.6045242688375046e+06 8.2699838182118926e-17
5.6274323179419960e-09 3.6393178784084218e+06 8.2516089316186139e-17
5.6817525744734856e-09 3.6744473423603005e+06 8.2332748717627093e-17
5.7365971714328661e-09 3.7099159026150373e+06 8.2176390969624926e-17
5.7919711701527673e-09 3.7457268323880676e+06 8.2022674529269576e-17
5.8478796808215828e-09 3.7818834364903476e+06 8.1869245625806006e-17
5.9043278629551503e-09 3.8183890516333967e+06 8.1716103721377179e-17
5.9613209258728581e-09 3.8552470467371964e+06 8.1563248279132212e-17
6.0188641291784773e-09 3.8924608232411523e+06 8.1425969409071516e-17
6.0769627832454047e-09 3.9300338154179039e+06 8.1303366035417552e-17
6.1356222497068206e-09 3.9679694906903170e+06 8.1180947266102245e-17
6.1948479419504430e-09 4.0062713499514437e+06 8.1058712823166154e-17
6.2546453256182011e-09 4.0449429278876679e+06 8.0936662429068560e-17
6.3150199191104806e-09 4.0839877933048052e+06 8.0817922732148222e-17
6.3759772940954910e-09 4.1234095494575156e+06 8.0724910859802882e-17
6.4375230760233896e-09 4.1632118343817960e+06 8.0632006033123968e-17
6.4996629446455420e-09 4.2033983212307850e+06 8.0539208128914555e-17
6.5624026345385141e-09 4.2439727186136385e+06 8.0446517024119540e-17
6.6257479356333881e-09 4.2849387709378442e+06 8.0353932595825420e-17
6.6897046937500392e-09 4.3263002587547414e+06 8.0279471227130865e-17
6.7542788111367247e-09 4.3680609991084794e+06 8.0212650074988567e-17
6.8194762470146085e-09 4.4102248458881667e+06 8.0145884541876962e-17
6.8853030181278152e-09 4.4527956901835995e+06 8.0079174581501167e-17
6.9517651992986356e-09 4.4957774606443131e+06 8.0012520147604844e-17
7.0188689239882438e-09 4.5391741238422096e+06 7.9952053859980803e-17
7.0866203848625665e-09 4.5829896846375074e+06 7.9906002557018490e-17
7.1550258343638754e-09 4.6272281865483969e+06 7.9859977778984600e-17
7.2240915852877442e-09 4.6718937121241651e+06 7.9813979510601093e-17
7.2938240113657395e-09 4.7169903833220247e+06 7.9768007736598665e-17
7.3642295478534392e-09 4.7625223618873982e+06 7.9722062441717172e-17
7.4353146921244368e-09 4.8084938497380577e+06 7.9688453923992506e-17
7.5070860042698814e-09 4.8549090893518627e+06 7.9656318064204579e-17
7.5795501077040074e-09 4.9017723641583556e+06 7.9624195163803303e-17
7.6527136897751879e-09 4.9490879989339374e+06 7.9592085217562534e-17
7.7265835023831982e-09 4.9968603602010608e+06 7.9559988220258252e-17
7.8011663626022512e-09 5.0450938566311523e+06 7.9530872933489284e-17
7.8764691533102465e-09 5.0937929394515520e+06 7.9504868524321608e-17
7.9524988238237504e-09 5.1429621028561667e+06 7.9478872617880871e-17
8.0292623905394605e-09 5.1926058844203036e+06 7.9452885211386928e-17
8.1067669375816288e-09 5.2427288655193755e+06 7.9426906302060511e-17
8.1850196174559708e-09 5.2933356717517795e+06 7.9400801915837416e-17
8.2640276517095194e-09 5.3444309733656421e+06 7.9373248232435869e-17
8.3437983315972062e-09 5.3960194856898971e+06 7.9345704110719499e-17
8.4243390187546730e-09 5.4481059695693981e+06 7.9318169547370320e-17
8.5056571458777629e-09 5.5006952318043597e+06 7.9290644539071110e-17
8.5877602174082528e-09 5.5537921255938224e+06 7.9263129082506211e-17
8.6706558102265313e-09 5.6074015509836162e+06 7.9230211507168218e-17
8.7543515743507635e-09 5.6615284553185161e+06 7.9194752535434134e-17
8.8388552336430178e-09 5.7161778336989032e+06 7.9159309433134885e-17
8.9241745865218401e-09 5.7713547294415953e+06 7.9123882193168158e-17
9.0103175066820870e-09 5.8270642345453622e+06 7.9088470808434762e-17
9.0972919438214620e-09 5.8833114901607968e+06 7.9049849934509384e-17
9.1851059243743126e-09 5.9401016870648563e+06 7.9002716559444649e-17
9.2737675522521204e-09 5.9974400661397558e+06 7.8955611287596415e-17
9.3632850095915206e-09 6.0553319188567139e+06 7.8908534102208265e-17
9.4536665575093212e-09 6.1137825877642287e+06 7.8861484986533434e-17
9.5449205368650211e-09 6.1727974669812145e+06 7.8814463923835524e-17
9.6370553690303231e-09 6.2323820026946487e+06 7.8757114691712011e-17
9.7300795566664618e-09 6.2925416936622737e+06 7.8698251036140076e-17
9.8240016845087730e-09 6.3532820917199953e+06 7.8639431375703850e-17
9.9188304201591127e-09 6.4146088022943409e+06 7.8580655677520872e-17
1.0014574514885503e-08 6.4765274849196011e+06 7.8521923908733707e-17
1.0111242804429898e-08 6.5390438537602192e+06 7.8459505784942879e-17
1.0208844209823512e-08 6.6021636781380745e+06 7.8392837410597146e-17
1.0307387738210259e-08 6.6658927830650080e+06 7.8326225685501043e-17
1.0406882483677740e-08 6.7302370497802263e+06 7.8259670561518833e-17
1.0507337628096640e-08 6.7952024162931545e+06 7.8193171990555479e-17
1.0608762441967999e-08 6.8607948779313741e+06 7.8126684452604468e-17
1.0711166285278919e-08 6.9270204878940107e+06 7.8059533613695969e-17
1.0814558608366081e-08 6.9938853578101890e+06 7.7992440491753138e-17
1.0918948952788048e-08 7.0613956583031528e+06 7.7925405037167581e-17
1.1024346952205721e-08 7.1295576195596661e+06 7.7858427200373467e-17
1.1130762333271551e-08 7.1983775319050802e+06 7.7791506931847489e-17
1.1238204916526905e-08 7.2678617463836642e+06 7.7729829031973624e-17
1.1346684617308529e-08 7.3380166753448248e+06 7.7670936022824901e-17
1.1456211446663493e-08 7.4088487930348134e+06 7.7612087634725399e-17
1.1566795512273249e-08 7.4803646361943185e+06 7.7553283833867400e-17
1.1678447019386131e-08 7.5525708046615319e+06 7.7494524586468798e-17
1.1791176271759345e-08 7.6254739619813319e+06 7.7439536047890451e-17
1.1904993672609748e-08 7.6990808360201707e+06 7.7395790339496328e-17
1.2019909725574099e-08 7.7733982195870755e+06 7.7352069343117409e-17
1.2135935035678107e-08 7.8484329710603403e+06 7.7308373044794111e-17
1.2253080310315299e-08 7.9241920150205726e+06 7.7264701430574342e-17
1.2371356360235062e-08 8.0006823428896666e+06 7.7221054486513866e-17
1.2490774100540503e-08 8.0779110135761341e+06 7.7191671989379369e-17
1.2611344551695460e-08 8.1558851541263442e+06 7.7164921786419950e-17
1.2733078840541714e-08 8.2346119603823693e+06 7.7138180853545505e-17
1.2855988201325740e-08 8.3140986976459883e+06 7.7111449187543558e-17
1.2980083976735654e-08 8.3943527013492994e+06 7.7084726785202742e-17
1.3105377618947671e-08 8.4753813777314723e+06 7.7063076899177849e-17
1.3231880690683169e-08 8.5571922045223583e+06 7.7047887529132486e-17
1.3359604866275659e-08 8.6397927316325121e+06 7.7032701152958792e-17
1.3488561932748354e-08 8.7231905818500705e+06 7.7017517770066502e-17
1.3618763790901616e-08 8.8073934515440166e+06 7.7002337379865955e-17
1.3750222456411447e-08 8.8924091113745738e+06 7.6987147205320063e-17
1.3882950060938222e-08 8.9782454070102479e+06 7.6971603644030186e-17
1.4016958853246510e-08 9.0649102598520182e+06 7.6956063220956292e-17
1.4152261200335088e-08 9.1524116677641384e+06 7.6940525935464692e-17
1.4288869588578487e-08 9.2407577058123704e+06 7.6924991786922141e-17
1.4426796624879138e-08 9.3299565270091090e+06 7.6909460774695059e-17
1.4566055037831079e-08 9.4200163630659413e+06 7.6884998844202285e-17
1.4706657678894234e-08 9.5109455251530856e+06 7.6855291976032377e-17
1.4848617523580583e-08 9.6027524046664853e+06 7.6825596586018396e-17
1.4991947672651809e-08 9.6954454740023464e+06 7.6795912669725674e-17
1.5136661353327928e-08 9.7890332873387653e+06 7.6766240222720751e-17
1.5282771920508193e-08 9.8835244814253058e+06 7.6731534529895032e-17
1.5430292858003450e-08 9.9789277763799746e+06 7.6679448430560498e-17
1.5579237779780721e-08 1.0075251976494106e+07 7.6627397687768235e-17
1.5729620431219213e-08 1.0172505971044628e+07 7.6575382277518012e-17
1.5881454690379039e-08 1.0270698735114571e+07 7.6523402175825500e-17
1.6034754569281846e-08 1.0369839330421254e+07 7.6471457358723169e-17
1.6189534215204164e-08 1.0469936906152705e+07 7.6404508631968273e-17
1.6345807911982597e-08 1.0571000699811749e+07 7.6334314784284518e-17
1.6503590081332271e-08 1.0673040038068656e+07 7.6264185424630727e-17
1.6662895284177606e-08 1.0776064337621765e+07 7.6194120493761165e-17
1.6823738221996339e-08 1.0880083106066683e+07 7.6124119932483949e-17
1.6986133738175853e-08 1.0985105942773426e+07 7.6053727445275874e-17
1.7150096819383256e-08 1.1091142539772475e+07 7.5982756965645333e-17
1.7315642596948305e-08 1.1198202682649117e+07 7.5911852712998641e-17
1.7482786348260058e-08 1.1306296251446685e+07 7.5841014625535252e-17
1.7651543498176351e-08 1.1415433221578067e+07 7.5770242641512318e-17
1.7821929620447537e-08 1.1525623664746467e+07 7.5699736858912649e-17
1.7993960439153588e-08 1.1636877749874787e+07 7.5649428281747536e-17
1.8167651830155474e-08 1.1749205744044241e+07 7.5599153138687245e-17
1.8343019822559820e-08 1.1862618013441581e+07 7.5548911407512105e-17
1.8520080600198466e-08 1.1977125024315925e+07 7.5498703066017221e-17
1.8698850503121817e-08 1.2092737343944537e+07 7.5448528092012602e-17
1.8879346029107107e-08 1.2209465641608225e+07 7.5416507160070445e-17
1.9061583835180430e-08 1.2327320689575665e+07 7.5396333770264502e-17
1.9245580739154240e-08 1.2446313364097705e+07 7.5376165776699817e-17
1.9431353721179237e-08 1.2566454646410998e+07 7.5356003177932774e-17
1.9618919925311672e-08 1.2687755623751586e+07 7.5335845972520177e-17
1.9808296661095040e-08 1.2810227490377801e+07 7.5318963500451308e-17
1.9999501405157789e-08 1.2933881548603514e+07 7.5315166344631413e-17
2.0192551802825990e-08 1.3058729209841078e+07 7.5311369380242656e-17
2.0387465669752077e-08 1.3184781995654635e+07 7.5307572607275176e-17
2.0584260993558455e-08 1.3312051538823063e+07 7.5303776025719667e-17
2.0782955935497826e-08 1.3440549584413726e+07 7.5299979635566281e-17
2.0983568832129034e-08 1.3570287990866255e+07 7.5285683697515087e-17
2.1186118197009586e-08 1.3701278731087122e+07 7.5268683368950703e-17
2.1390622722403664e-08 1.3833533893554235e+07 7.5251686879246075e-17
2.1597101281007492e-08 1.3967065683432737e+07 7.5234694227534087e-17
2.1805572927690829e-08 1.4101886423701253e+07 7.5217705412948210e-17
2.2016056901255786e-08 1.4238008556289339e+07 7.5188313768065337e-17
2.2228572626211755e-08 1.4375444643225349e+07 7.5139541964038676e-17
2.2443139714568359e-08 1.4514207367795940e+07 7.5090801796429153e-17
2.2659777967645162e-08 1.4654309535716444e+07 7.5042093244715670e-17
2.2878507377899399e-08 1.4795764076312872e+07 7.4993416288389966e-17
2.3099348130770428e-08 1.4938584043714743e+07 7.4944770906957556e-17
2.3322320606542914e-08 1.5082782618060026e+07 7.4880628703360824e-17
2.3547445382227441e-08 1.5228373106711339e+07 7.4816306285775225e-17
2.3774743233459813e-08 1.5375368945484273e+07 7.4752039121109712e-17
2.4004235136417813e-08 1.5523783699886944e+07 7.4687827161902335e-17
2.4235942269757317e-08 1.5673631066372126e+07 7.4623670360731360e-17
2.4469886016566605e-08 1.5824924873601116e+07 7.4572929120718132e-17
2.4706087966340087e-08 1.5977679083720151e+07 7.4531887431888978e-17
2.4944569916970096e-08 1.6131907793648537e+07 7.4490868330615813e-17
2.5185353876758890e-08 1.6287625236379825e+07 7.4449871804467557e-17
2.5428462066449496e-08 1.6444845782295179e+07 7.4408897841019995e-17
2.5673916921276777e-08 1.6603583940489810e+07 7.4374457310540188e-17
2.5921741093037218e-08 1.6763854360111555e+07 7.4370685390192298e-17
2.6171957452179781e-08 1.6925671831713028e+07 7.4366913661138494e-17
2.6424589089916288e-08 1.7089051288616441e+07 7.4363142123368792e-17
2.6679659320352822e-08 1.7254007808291990e+07 7.4359370776873749e-17
2.6937191682640627e-08 1.7420556613748886e+07 7.4355599621643407e-17
2.7197209943148832e-08 1.7588713074940450e+07 7.4352157416692156e-17
2.7459738097657547e-08 1.7758492710182432e+07 7.4348813450389563e-17
2.7724800373572715e-08 1.7929911187585369e+07 7.4345469634480873e-17
2.7992421232161297e-08 1.8102984326500107e+07 7.4342125968959320e-17
2.8262625370809140e-08 1.8277728098977972e+07 7.4338782453818124e-17
2.8535437725299891e-08 1.8454158631244589e+07 7.4321194916325474e-17
2.8810883472116714e-08 1.8632292205188420e+07 7.4278870518079065e-17
2.9088988030764974e-08 1.8812145259862855e+07 7.4236570222710558e-17
2.9369777066118571e-08 1.8993734393003616e+07 7.4194294016493984e-17
2.9653276490788154e-08 1.9177076362560317e+07 7.4152041885710817e-17
2.9939512467512945e-08 1.9362188088243265e+07 7.4109813816650729e-17
3.0228511411574486e-08 1.9549086653084461e+07 7.4054674087715273e-17
3.0520299993234822e-08 1.9737789305014398e+07 7.3999041122936985e-17
3.0814905140197500e-08 1.9928313458453618e+07 7.3943449951965860e-17
3.1112354040093141e-08 2.0120676695920154e+07 7.3887900543404554e-17
3.1412674142987685e-08 2.0314896769651625e+07 7.3832392865879638e-17
3.1715893163916082e-08 2.0510991603243828e+07 7.3799668357867262e-17
3.2022039085439766e-08 2.0708979293304652e+07 7.3785163526217326e-17
3.2331140160229515e-08 2.0908878111124463e+07 7.3770661545394974e-17
3.2643224913672009e-08 2.1110706504361775e+07 7.3756162414840175e-17
3.2958322146502746e-08 2.1314483098745994e+07 7.3741666133992617e-17
3.3276460937463714e-08 2.1520226699796163e+07 7.3730037711074413e-17
3.3597670645987442e-08 2.1727956294556756e+07 7.3734595082716334e-17
3.3921980914905603e-08 2.1937691053349368e+07 7.3739152736056712e-17
3.4249421673185188e-08 2.2149450331542216e+07 7.3743710671112791e-17
3.4580023138690184e-08 2.2363253671336159e+07 7.3748268887902260e-17
3.4913815820970804e-08 2.2579120803568505e+07 7.3752827386442399e-17
3.5250830524078218e-08 2.2797071649533343e+07 7.3725265817152484e-17
3.5591098349407889e-08 2.3017126322820339e+07 7.3686753400397222e-17
3.5934650698569424e-08 2.3239305131170720e+07 7.3648261101660343e-17
3.6281519276285090e-08 2.3463628578351762e+07 7.3609788910432544e-17
3.6631736093314842e-08 2.3690117366048418e+07 7.3571336816209980e-17
3.6985333469410949e-08 2.3918792395774137e+07 7.3530969895432574e-17
3.7342344036300360e-08 2.4149674770799574e+07 7.3486879544205753e-17
3.7702800740696722e-08 2.4382785798100498e+07 7.3442815630262074e-17
3.8066736847339991e-08 2.4618146990323517e+07 7.3398778137749316e-17
3.8434185942066809e-08 2.4855780067771770e+07 7.3354767050824785e-17
3.8805181934909714e-08 2.5095706960409164e+07 7.3310782353655242e-17
3.9179759063227155e-08 2.5337949809884619e+07 7.3312746019533129e-17
3.9557951894862089e-08 2.5582530971574768e+07 7.3317875019020350e-17
3.9939795331332630e-08 2.5829473016647350e+07 7.3323004377335006e-17
4.0325324611053323e-08 2.6078798734144486e+07 7.3328134094502488e-17
4.0714575312586264e-08 2.6330531133085161e+07 7.3333264170547768e-17
4.1107583357924984e-08 2.6584693444589004e+07 7.3326220867273460e-17
4.1504385015809300e-08 2.6841309124019973e+07 7.3308410744085794e-17
4.1905016905072957e-08 2.7100401853151366e+07 7.3290604946778753e-17
4.2309515998022057e-08 2.7361995542350635e+07 7.3272803474301760e-17
4.2717919623847670e-08 2.7626114332786400e+07 7.3255006325604361e-17
4.3130265472070425e-08 2.7892782598656077e+07 7.3233800582833920e-17
4.3546591596019430e-08 2.8162024949435730e+07 7.3188859345078021e-17
4.3966936416342897e-08 2.8433866232150439e+07 7.3143945686320262e-17
4.4391338724554549e-08 2.8708331533667795e+07 7.3099059589636311e-17
4.4819837686613124e-08 2.8985446183012798e+07 7.3054201038112202e-17
4.5252472846537524e-08 2.9265235753705807e+07 7.3009370014844370e-17
4.5689284130055038e-08 2.9547726066121895e+07 7.3001607163673082e-17
4.6130311848286635e-08 2.9832943189874154e+07 7.3008204860910638e-17
4.6575596701466686e-08 3.0120913446219284e+07 7.3014803154431106e-17
4.7025179782699749e-08 3.0411663410487145e+07 7.3021402044288449e-17
4.7479102581751708e-08 3.0705219914532516e+07 7.3028001530536345e-17
4.7937406988879419e-08 3.1001610049211770e+07 7.3024749761655190e-17
4.8400135298696127e-08 3.1300861166882705e+07 7.3000151731466894e-17
4.8867330214075483e-08 3.1603000883929256e+07 7.2975561987004766e-17
4.9339034850091147e-08 3.1908057083309323e+07 7.2950980525478051e-17
4.9815292737996454e-08 3.2216057917128440e+07 7.2926407344096435e-17
5.0296147829241278e-08 3.2527031809237547e+07 7.2901842440070890e-17
5.0781644499528949e-08 3.2841007457856610e+07 7.2874840344815137e-17
5.1271827552910238e-08 3.3158013838222235e+07 7.2847608765983877e-17
5.1766742225918854e-08 3.3478080205262192e+07 7.2820387362940074e-17
5.2266434191745752e-08 3.3801236096294910e+07 7.2793176131881160e-17
5.2770949564454872e-08 3.4127511333755903e+07 7.2765975069006317e-17
5.3280334903237552e-08 3.4456936027949095e+07 7.2755457742582188e-17
5.3794637216710057e-08 3.4789540579826109e+07 7.2761233152931455e-17
5.4313903967251372e-08 3.5125355683791526e+07 7.2767009021739329e-17
5.4838183075384066e-08 3.5464412330536082e+07 7.2772785349042183e-17
5.5367522924195442e-08 3.5806741809895821e+07 7.2778562134876552e-17
5.5901972363803355e-08 3.6152375713740215e+07 7.2779809381096114e-17
5.6441580715863862e-08 3.6501345938887320e+07 7.2740687699411032e-17
5.6986397778123934e-08 3.6853684690048017e+07 7.2701587046991930e-17
5.7536473829015499e-08 3.7209424482797071e+07 7.2662507412535083e-17
5.8091859632296470e-08 3.7568598146574482e+07 7.2623448784742376e-17
5.8652606441734831e-08 3.7931238827714801e+07 7.2584411152322203e-17
5.9218766005839684e-08 3.8297379992506668e+07 7.2579216589627133e-17
5.9790390572635334e-08 3.8667055430280335e+07 7.2588805190649246e-17
6.0367532894484035e-08 3.9040299256526530e+07 7.2598395058442678e-17
6.0950246232953720e-08 3.9417145916044474e+07 7.2607986193174790e-17
6.1538584363734178e-08 3.9797630186121263e+07 7.2617578595012943e-17
6.2132601581598338e-08 4.0181787179740347e+07 7.2614179795835104e-17
6.2732352705413818e-08 4.0569652348822549e+07 7.2579131101832530e-17
6.3337893083201390e-08 4.0961261487497434e+07 7.2544099324786901e-17
6.3949278597243753e-08 4.1356650735407218e+07 7.2509084456532742e-17
6.4566565669241151e-08 4.1755856581040934e+07 7.2474086488908954e-17
6.5189811265519252e-08 4.2158915865102433e+07 7.2439105413757964e-17
6.5819072902285765e-08 4.2565865783909880e+07 7.2442640224002372e-17
6.6454408650939346e-08 4.2976743892829105e+07 7.2451130177666506e-17
6.7095877143427160e-08 4.3391588109738387e+07 7.2459621126315255e-17
6.7743537577656805e-08 4.3810436718528353e+07 7.2468113070065234e-17
6.8397449722958834e-08 4.4233328372634709e+07 7.2476606009033060e-17
6.9057673925603631e-08 4.4660302098606035e+07 7.2465744750465619e-17
6.9724271114368850e-08 4.5091397299704306e+07 7.2434014267041987e-17
7.0397302806163385e-08 4.5526653759541929e+07 7.2402297677404867e-17
7.1076831111703731e-08 4.5966111645752810e+07 7.2370594975470367e-17
7.1762918741247187e-08 4.6409811513699956e+07 7.2338906155157615e-17
7.2455629010377293e-08 4.6857794310217045e+07 7.2310133536187410e-17
7.3155025845847982e-08 4.7310101377387889e+07 7.2316603215289967e-17
7.3861173791482589e-08 4.7766774456361361e+07 7.2323073473242892e-17
7.4574138014131409e-08 4.8227855691204235e+07 7.2329544310097965e-17
7.5293984309683789e-08 4.8693387632789262e+07 7.2336015725907005e-17
7.6020779109141421e-08 4.9163413242722802e+07 7.2342487720721683e-17
7.6754589484748147e-08 4.9637975897309087e+07 7.2330847158023156e-17
7.7495483156181135e-08 5.0117119391554043e+07 7.2310336383808435e-17
7.8243528496798407e-08 5.0600887943205699e+07 7.2289831425810231e-17
7.8998794539949912e-08 5.1089326196835607e+07 7.2269332282378987e-17
7.9761350985347744e-08 5.1582479227958478e+07 7.2248838951866020e-17
8.0531268205499551e-08 5.2080392547192790e+07 7.2230724121925765e-17
8.1308617252200967e-08 5.2583112104459509e+07 7.2219153277184677e-17
8.2093469863093936e-08 5.3090684293223374e+07 7.2207584286010029e-17
8.2885898468286353e-08 5.3603155954773925e+07 7.2196017148105060e-17
8.3685976197037576e-08 5.4120574382549100e+07 7.2184451863172617e-17
8.4493776884505245e-08 5.4642987326498426e+07 7.2172888430916014e-17
8.5309375078560344e-08 5.5170442997490458e+07 7.2174180938956049e-17
8.6132846046666306e-08 5.5702990071761504e+07 7.2177544705710997e-17
8.6964265782826426e-08 5.6240677695408605e+07 7.2180908629238442e-17
8.7803711014594822e-08 5.6783555488923617e+07 7.2184272709545705e-17
8.8651259210158699e-08 5.7331673551773362e+07 7.2187636946640196e-17
8.9506988585486741e-08 5.7885082467022568e+07 7.2181420588294425e-17
9.0370978111548755e-08 5.8443833306002900e+07 7.2163791003480381e-17
9.1243307521601295e-08 5.9007977633024625e+07 7.2146165724514852e-17
9.2124057318547353e-08 5.9577567510136209e+07 7.2128544750346124e-17
9.3013308782364714e-08 6.0152655501928337e+07 7.2110928079922832e-17
9.3911143977608505e-08 6.0733294680385843e+07 7.2093534825995523e-17
9.4817645760982227e-08 6.1319538629783995e+07 7.2080194119150463e-17
9.5732897788985671e-08 6.1911441451634482e+07 7.2066855880965869e-17
9.6656984525634354e-08 6.2509057769677654e+07 7.2053520110984917e-17
9.7589991250255933e-08 6.3112442734924532e+07 7.2040186808750869e-17
9.8532004065357790e-08 6.3721652030744873e+07 7.2026855973807097e-17
9.9483109904574612e-08 6.4336741878006913e+07 7.2021780790420222e-17
1.0044339654069018e-07 6.4957769040265195e+07 7.2021221145662815e-17
1.0141295259373923e-07 6.5584790829000078e+07 7.2020661505254116e-17
1.0239186753918317e-07 6.6217865108905099e+07 7.2020101869194098e-17
1.0338023171616912e-07 6.6857050303228110e+07 7.2019542237482750e-17
1.0437813633586581e-07 6.7502405399162278e+07 7.2018787690732904e-17
1.0538567348988289e-07 6.8153989953290880e+07 7.2017420722471129e-17
1.0640293615876696e-07 6.8811864097081780e+07 7.2016053780155508e-17
1.0743001822058363e-07 6.9476088542437509e+07 7.2014686863785299e-17
1.0846701445958217e-07 7.0146724587298885e+07 7.2013319973360159e-17
1.0951402057494032e-07 7.0823834121300235e+07 7.2011953108879693e-17
1.1057113318959742e-07 7.1507479631481975e+07 7.2006421767457232e-17
1.1163844985917052e-07 7.2197724208056688e+07 7.2000076812293654e-17
1.1271606908095900e-07 7.2894631550232530e+07 7.1993732416225455e-17
1.1380409030303174e-07 7.3598265972089991e+07 7.1987388579203468e-17
1.1490261393340645e-07 7.4308692408518255e+07 7.1981045301178167e-17
1.1601174134931487e-07 7.5025976421207130e+07 7.1974061447796183e-17
1.1713157490656045e-07 7.5750184204698682e+07 7.1966233746252518e-17
1.1826221794896112e-07 7.6481382592494071e+07 7.1958406896028338e-17
1.1940377481788848e-07 7.7219639063222557e+07 7.1950580897030940e-17
1.2055635086189592e-07 7.7965021746868148e+07 7.1942755749167570e-17
1.2172005244644262e-07 7.8717599431058198e+07 7.1934961892002170e-17
1.2289498696370667e-07 7.9477441567409635e+07 7.1928284013712989e-17
1.2408126284249749e-07 8.0244618277939498e+07 7.1921606755345689e-17
1.2527898955826150e-07 8.1019200361535549e+07 7.1914930116842756e-17
1.2648827764318675e-07 8.1801259300491259e+07 7.1908254098146763e-17
1.2770923869640064e-07 8.2590867267100558e+07 7.1901578699199891e-17
1.2894198539427059e-07 8.3388097130319566e+07 7.1895936809498721e-17
1.3018663150080162e-07 8.4193022462490663e+07 7.1890924051524950e-17
1.3144329187813697e-07 8.5005717546133444e+07 7.1885911643052884e-17
1.3271208249715501e-07 8.5826257380797863e+07 7.1880899584057996e-17
1.3399312044817388e-07 8.6654717689986899e+07 7.1875887874515841e-17
1.3528652395175584e-07 8.7491174928144023e+07 7.1871096236235373e-17
1.3659241236961963e-07 8.8335706287710205e+07 7.1867099268223315e-17
1.3791090621565247e-07 8.9188389706245497e+07 7.1863102522494794e-17
1.3924212716703374e-07 9.0049303873622909e+07 7.1859105999037214e-17
1.4058619807546300e-07 9.0918528239289567e+07 7.1855109697838469e-17
1.4194324297849947e-07 9.1796143019600213e+07 7.1851113618885927e-17
1.4331338711100563e-07 9.2682229205217734e+07 7.1846450866109466e-17
1.4469675691670655e-07 9.3576868568588868e+07 7.1841633728268622e-17
1.4609348005985778e-07 9.4480143671489805e+07 7.1836816913405687e-17
1.4750368543702913e-07 9.5392137872646943e+07 7.1832000421499177e-17
1.4892750318899631e-07 9.6312935335427344e+07 7.1827184252527103e-17
1.5036506471275337e-07 9.7242621035607293e+07 7.1821246792902542e-17
1.5181650267363753e-07 9.8181280769213498e+07 7.1813674145060845e-17
1.5328195101757452e-07 9.9129001160442352e+07 7.1806102295659697e-17
1.5476154498343620e-07 1.0008586966965169e+08 7.2142011427910254e-17
1.5625542111552345e-07 1.0105197460143360e+08 7.2135810236138180e-17
1.5776371727616598e-07 1.0202740511276290e+08 7.2129615217768241e-17
1.5928657265844747e-07 1.0301225122122651e+08 7.2123525498385330e-17
1.6082412779904718e-07 1.0400660381332836e+08 7.2117441036727380e-17
1.6237652459121192e-07 1.0501055465287842e+08 7.2111405449948852e-17
1.6394390629784937e-07 1.0602419638946034e+08 7.2105556913310538e-17
1.6552641756475173e-07 1.0704762256698330e+08 7.2099848611650135e-17
1.6712420443394041e-07 1.0808092763231212e+08 7.2094070114425259e-17
1.6873741435714615e-07 1.0912420694398506e+08 7.2088388485725038e-17
1.7036619620941527e-07 1.1017755678101303e+08 7.2082845611317427e-17
1.7201070030285124e-07 1.1124107435176653e+08 7.2077319655549698e-17
1.7367107840048230e-07 1.1231485780294384e+08 7.2071734837378963e-17
1.7534748373026950e-07 1.1339900622863026e+08 7.2066245445726013e-17
1.7704007099924598e-07 1.1449361967944211e+08 7.2060856663550506e-17
1.7874899640779702e-07 1.1559879917176172e+08 7.2055468094613974e-17
1.8047441766407058e-07 1.1671464669705701e+08 7.2050122353238355e-17
1.8221649399853438e-07 1.1784126523129554e+08 7.2044749381636012e-17
1.8397538617866895e-07 1.1897875874444675e+08 7.2039570361435247e-17
1.8575125652380712e-07 1.2012723221007881e+08 7.2034391483352495e-17
1.8754426892010896e-07 1.2128679161504303e+08 7.2029200484842065e-17
1.8935458883568935e-07 1.2245754396925703e+08 7.2023938311222021e-17
1.9118238333588629e-07 1.2363959731557894e+08 7.2018709338382564e-17
1.9302782109868197e-07 1.2483306073978028e+08 7.2013484323272479e-17
1.9489107243026435e-07 1.2603804438060988e+08 7.2008306797379693e-17
1.9677230928074695e-07 1.2725465943996005e+08 7.2003225107175133e-17
1.9867170526003579e-07 1.2848301819312778e+08 7.1998061720942112e-17
2.0058943565385426e-07 1.2972323399917823e+08 7.1993062865436009e-17
2.0252567743991433e-07 1.3097542131140286e+08 7.1987934695274164e-17
2.0448060930425225e-07 1.3223969568788390e+08 7.1982900573321731e-17
2.0645441165771705e-07 1.3351617380215751e+08 7.1977901745398260e-17
2.0844726665262282e-07 1.3480497345398319e+08 7.1972837619387413e-17
2.1045935819955394e-07 1.3610621358021164e+08 7.1967755075943909e-17
2.1249087198434056e-07 1.3742001426576316e+08 7.1962673331740292e-17
2.1454199548519246e-07 1.3874649675470829e+08 7.1957495874340317e-17
2.1661291799000462e-07 1.4008578346145940e+08 7.1952317416303022e-17
2.1870383061381996e-07 1.4143799798206407e+08 7.1947225761580946e-17
2.2081492631647020e-07 1.4280326510561356e+08 7.1942155482812528e-17
2.2294639992038095e-07 1.4418171082575771e+08 7.1936999820444758e-17
2.2509844812855486e-07 1.4557346235233465e+08 7.1931935390954486e-17
2.2727126954271896e-07 1.4697864812310690e+08 7.1926871433708671e-17
2.2946506468165590e-07 1.4839739781561649e+08 7.1921734556679118e-17
2.3168003599970734e-07 1.4982984235915112e+08 7.1916555108166250e-17
2.3391638790546090e-07 1.5127611394682935e+08 7.1911482528104561e-17
2.3617432678060870e-07 1.5273634604779646e+08 7.1906321018193436e-17
2.3845406099899662e-07 1.5421067341954401e+08 7.1901214488198062e-17
2.4075580094585258e-07 1.5569923212034476e+08 7.1896036973830941e-17
2.4307975903720566e-07 1.5720215952181125e+08 7.1890857932682172e-17
2.4542614973948295e-07 1.5871959432156941e+08 7.1885680878103713e-17
2.4779518958930565e-07 1.6025167655606082e+08 7.1880514037389475e-17
2.5018709721346998e-07 1.6179854761346453e+08 7.1875323329766413e-17
2.5260209334912760e-07 1.6336035024674794e+08 7.1870099391625741e-17
2.5504040086414964e-07 1.6493722858683655e+08 7.1864807129368540e-17
2.5750224477769870e-07 1.6652932815591791e+08 7.1859594143981268e-17
2.5998785228099220e-07 1.6813679588086966e+08 7.1854319039922676e-17
2.6249745275827337e-07 1.6975978010682154e+08 7.1849043717875573e-17
2.6503127780797320e-07 1.7139843061084113e+08 7.1843670817405250e-17
2.6758956126408817e-07 1.7305289861575896e+08 7.1838297193454271e-17
2.7017253921775702e-07 1.7472333680412257e+08 7.1832924422915946e-17
2.7278045003905317e-07 1.7640989933228976e+08 7.1827454733547737e-17
2.7541353439897593e-07 1.7811274184465048e+08 7.1821984895243242e-17
2.7807203529166391e-07 1.7983202148799276e+08 7.1816496213988565e-17
2.8075619805682369e-07 1.8156789692600721e+08 7.1811009788794577e-17
2.8346627040236363e-07 1.8332052835392472e+08 7.1805328126421533e-17
2.8620250242725849e-07 1.8509007751330319e+08 7.1799646486535818e-17
2.8896514664462722e-07 1.8687670770695224e+08 7.1793880180637421e-17
2.9175445800504109e-07 1.8868058381400675e+08 7.1788181001895220e-17
2.9457069392004459e-07 1.9050187230513805e+08 7.1782289503367969e-17
2.9741411428591534e-07 1.9234074125791979e+08 7.1776396621432766e-17
3.0028498150764644e-07 1.9419736037233743e+08 7.1770406491359396e-17
3.0318356052316703e-07 1.9607190098645207e+08 7.1764416387649646e-17
3.0611011882778506e-07 1.9796453609220773e+08 7.1758329295160028e-17
3.0906492649887781e-07 1.9987544035139903e+08 7.1752144871666398e-17
3.1204825622081346e-07 2.0180479011178821e+08 7.1745959872113748e-17
3.1506038331012119e-07 2.0375276342338279e+08 7.1739679095694199e-17
3.1810158574089056e-07 2.0571954005486181e+08 7.1733436511235535e-17
3.2117214417042986e-07 2.0770530151016918e+08 7.1727041180044393e-17
3.2427234196516392e-07 2.0971023104526204e+08 7.1720644622703808e-17
3.2740246522678971e-07 2.1173451368502602e+08 7.1714054706009815e-17
3.3056280281867123e-07 2.1377833624034500e+08 7.1707534528245622e-17
3.3375364639250302e-07 2.1584188732534453e+08 7.1700829532002152e-17
3.3697529041522196e-07 2.1792535737479621e+08 7.1694125355974885e-17
3.4022803219618790e-07 2.2002893866169557e+08 7.1687421948003464e-17
3.4351217191461281e-07 2.2215282531500068e+08 7.1680424761723945e-17
3.4682801264726777e-07 2.2429721333755076e+08 7.1673512598070064e-17
3.5017586039645016e-07 2.2646230062415266e+08 7.1666402584275547e-17
3.5355602411822846e-07 2.2864828697984713e+08 7.1659245226915238e-17
3.5696881575094578e-07 2.3085537413834238e+08 7.1651987683721048e-17
3.6041455024401296e-07 2.3308376578063473e+08 7.1644602733492673e-17
3.6389354558697033e-07 2.3533366755380341e+08 7.1637183613415815e-17
3.6740612283883970e-07 2.3760528708999252e+08 7.1629587506791839e-17
3.7095260615774427e-07 2.3989883402556664e+08 7.1621957134874693e-17
3.7453332283082946e-07 2.4221452002046099e+08 7.1614149378797070e-17
3.7814860330446361e-07 2.4455255877771237e+08 7.1606275020230128e-17
3.8179878121473923e-07 2.4691316606318495e+08 7.1598255587520467e-17
3.8548419341825364e-07 2.4929655972547594e+08 7.1590139560711719e-17
3.8920518002320173e-07 2.5170295971602407e+08 7.1581829337147483e-17
3.9296208442075963e-07 2.5413258810940543e+08 7.1573577982362036e-17
3.9675525331678127e-07 2.5658566912383205e+08 7.1565055725631929e-17
4.0058503676378428e-07 2.5906242914183751e+08 7.1556462910418118e-17
4.0445178819326086e-07 2.6156309673117280e+08 7.1547827162902573e-17
4.0835586444829125e-07 2.6408790266589761e+08 7.1538995997280997e-17
4.1229762581648165e-07 2.6663707994768161e+08 7.1530068293707544e-17
4.1627743606320278e-07 2.6921086382730049e+08 7.1521003681545676e-17
4.2029566246516758e-07 2.7180949182635051e+08 7.1511824026885476e-17
4.2435267584432088e-07 2.7443320375916576e+08 7.1502360964796877e-17
4.2844885060206860e-07 2.7708224175495428e+08 7.1492904950628116e-17
4.3258456475381825e-07 2.7975685028013575e+08 7.1483279239419111e-17
4.3676019996387154e-07 2.8245727616090691e+08 7.1473504034802789e-17
4.4097614158064230e-07 2.8518376860601747e+08 7.1463553389802125e-17
4.4523277867222567e-07 2.8793657922977298e+08 7.1453408406792034e-17
4.4953050406229277e-07 2.9071596207524824e+08 7.1443165294187006e-17
4.5386971436634905e-07 2.9352217363773602e+08 7.1432733087918383e-17
4.5825081002833298e-07 2.9635547288841569e+08 7.1422084662339150e-17
4.6267419535757763e-07 2.9921612129825687e+08 7.1411309186655425e-17
4.6714027856611202e-07 3.0210438286214232e+08 7.1400351844116253e-17
4.7164947180633974e-07 3.0502052412323534e+08 7.1389234331632929e-17
4.7620219120907092e-07 3.0796481419757533e+08 7.1377969856206406e-17
4.8079885692193268e-07 3.1093752479891807e+08 7.1366509771423696e-17
4.8543989314813073e-07 3.1393893026380342e+08 7.1354855270282030e-17
4.9012572818560464e-07 3.1696930757687747e+08 7.1343135570225634e-17
4.9485679446654934e-07 3.2002893639645147e+08 7.1331107111078523e-17
4.9963352859733030e-07 3.2311809908031517e+08 7.1318915019046360e-17
5.0445637139876386e-07 3.2623708071178669e+08 7.1306528027107431e-17
5.0932576794680561e-07 3.2938616912602627e+08 7.1293944896977983e-17
5.1424216761362100e-07 3.3256565493659681e+08 7.1281154848769508e-17
5.1920602410906383e-07 3.3577583156228840e+08 7.1268132876937611e-17
5.2421779552253384e-07 3.3901699525418836e+08 7.1254890601576261e-17
5.2927794436526040e-07 3.4228944512302607e+08 7.1241446485420979e-17
5.3438693761298066e-07 3.4559348316677386e+08 7.1227773307156471e-17
5.3954524674904341e-07 3.4892941429852235e+08 7.1213878496224785e-17
5.4475334780790640e-07 3.5229754637461096e+08 7.1199864735653170e-17
5.5001172141907673e-07 3.5569819022304410e+08 7.1185524608365920e-17
5.5532085285146043e-07 3.5913165967217296e+08 7.1171012871155366e-17
5.6068123205815494e-07 3.6259827157966304e+08 7.1156306119490710e-17
5.6609335372165089e-07 3.6609834586172658e+08 7.1141315805973794e-17
5.7155771729949253e-07 3.6963220552265197e+08 7.1126008768041040e-17
5.7707482707036621e-07 3.7320017668460906e+08 7.1110552942911290e-17
5.8264519218064647e-07 3.7680258861775142e+08 7.1094825060441987e-17
5.8826932669136878e-07 3.8043977377059406e+08 7.1078901075569334e-17
5.9394774962567924e-07 3.8411206780069947e+08 7.1062608913047357e-17
5.9968098501672764e-07 3.8781980960565054e+08 7.1046188179961097e-17
6.0546956195603738e-07 3.9156334135433209e+08 7.1029451271572861e-17
6.1131401464231841e-07 3.9534300851849860e+08 7.1012493134050134e-17
6.1721488243077542e-07 3.9915915990466213e+08 7.0995253845955018e-17
6.2317270988287697e-07 4.0301214768627888e+08 7.0977758977884147e-17
6.2918804681662107e-07 4.0690232743625611e+08 7.0959939034737627e-17
6.3526144835725912e-07 4.1083005815975612e+08 7.0941889641046119e-17
6.4139347498853674e-07 4.1479570232733381e+08 7.0923627237945870e-17
6.4758469260441159e-07 4.1879962590838379e+08 7.0905043519558576e-17
6.5383567256128861e-07 4.2284219840492070e+08 7.0886230794710191e-17
6.6014699173073134e-07 4.2692379288566864e+08 7.0867059335890919e-17
6.6651923255270867e-07 4.3104478602049625e+08 7.0847613038186159e-17
6.7295298308934056e-07 4.3520555811517465e+08 7.0827936972918344e-17
6.7944883707917813e-07 4.3940649314648074e+08 7.0807938319769511e-17
6.8600739399198009e-07 4.4364797879762191e+08 7.0787646745335332e-17
6.9262925908404588e-07 4.4793040649402058e+08 7.0767109580901243e-17
6.9931504345406647e-07 4.5225417143943316e+08 7.0746219210107998e-17
7.0606536409953033e-07 4.5661967265242875e+08 7.0725146185754531e-17
7.1288084397364685e-07 4.6102731300320172e+08 7.0703747343865295e-17
7.1976211204284596e-07 4.6547749925075763e+08 7.0682024804306994e-17
7.2670980334481721e-07 4.6997064208044761e+08 7.0659974578885282e-17
7.3372455904712574e-07 4.7450715614187574e+08 7.0637750970287387e-17
7.4080702650636470e-07 4.7908746008715367e+08 7.0615068710023095e-17
7.4795785932790562e-07 4.8371197660954171e+08 7.0592255157502778e-17
7.5517771742622448e-07 4.8838113248246270e+08 7.0569025592117094e-17
7.6246726708578576e-07 4.9309535859887540e+08 7.0545579624042589e-17
7.6982718102254023e-07 4.9785509001104695e+08 7.0521904894821878e-17
7.7725813844600195e-07 5.0266076597069782e+08 7.0497805464908975e-17
7.8476082512194169e-07 5.0751282996954644e+08 7.0473480204611997e-17
7.9233593343565237e-07 5.1241172978022420e+08 7.0448919666630513e-17
7.9998416245586075e-07 5.1735791749760675e+08 7.0424047852741537e-17
8.0770621799923239e-07 5.2235184958053100e+08 7.0398800341354303e-17
8.1550281269552247e-07 5.2739398689392823e+08 7.0373401795760661e-17
8.2337466605332033e-07 5.3248479475134200e+08 7.0347639477487421e-17
8.3132250452646315e-07 5.3762474295787835e+08 7.0321626393835097e-17
8.3934706158106904e-07 5.4281430585355723e+08 7.0295346827183446e-17
8.4744907776323955e-07 5.4805396235709572e+08 7.0268774728949592e-17
8.5562930076738029e-07 5.5334419601009226e+08 7.0241974610132317e-17
8.6388848550521476e-07 5.5868549502165842e+08 7.0214950937978735e-17
8.7222739417544577e-07 5.6407835231346941e+08 7.0187599597110248e-17
8.8064679633410718e-07 5.6952326556526184e+08 7.0160085684820801e-17
8.8914746896556379e-07 5.7502073726074922e+08 7.0132215717552059e-17
8.9773019655422663e-07 5.8057127473400187e+08 7.0104196777341809e-17
9.0639577115694412e-07 5.8617539021626234e+08 7.0075886837335045e-17
9.1514499247611032e-07 5.9183360088322568e+08 7.0047331476572191e-17
9.2397866793344394e-07 5.9754642890275288e+08 7.0018616045244463e-17
9.3289761274451625e-07 6.0331440148306882e+08 6.9989623092563085e-17
9.4190264999397486e-07 6.0913805092141044e+08 6.9960499216517058e-17
9.5099461071151828e-07 6.1501791465316010e+08 6.9931087278310929e-17
9.6017433394856392e-07 6.2095453530142748e+08 6.9901503117775267e-17
9.6944266685569573e-07 6.2694846072713590e+08 6.9871765359278347e-17
9.7880046476083468e-07 6.3300024407957613e+08 6.9841831696032896e-17
9.8824859124819071e-07 6.3911044384746480e+08 6.9811705108753358e-17
9.9778791823793177e-07 6.4527962391046822e+08 6.9781375682430475e-17
1.0074193260666673e-06 6.5150835359125066e+08 6.9750931490234971e-17
1.0171437035686808e-06 6.5779720770800936e+08 6.9720358587590413e-17
1.0269619481579726e-06 6.6414676662753165e+08 6.9689619762939359e-17
1.0368749659110535e-06 6.7055761631873870e+08 6.9658777890846182e-17
1.0468836716505773e-06 6.7703034840677190e+08 6.9627745672428434e-17
1.0569889890297581e-06 6.8356556022758567e+08 6.9596693841103010e-17
1.0671918506176259e-06 6.9016385488308382e+08 6.9565359368054030e-17
1.0774931979850636e-06 6.9682584129675984e+08 6.9534061628521582e-17
1.0878939817917161e-06 7.0355213426990294e+08 6.9502662353153601e-17
1.0983951618737141e-06 7.1034335453832865e+08 6.9471139732311554e-17
1.1089977073322702e-06 7.1720012882967591e+08 6.9439580187689289e-17
1.1197025966230852e-06 7.2412308992122626e+08 6.9407923362942063e-17
1.1305108176466628e-06 7.3111287669831204e+08 6.9376253433935546e-17
1.1414233678394695e-06 7.3817013421326947e+08 6.9344473854345582e-17
1.1524412542660009e-06 7.4529551374497986e+08 6.9312683941156549e-17
1.1635654937116909e-06 7.5248967285895407e+08 6.9280853591164763e-17
1.1747971127767644e-06 7.5975327546802890e+08 6.9248988081526049e-17
1.1861371479709680e-06 7.6708699189362919e+08 6.9217120406651678e-17
1.1975866458092425e-06 7.7449149892764175e+08 6.9185255554536885e-17
1.2091466629082724e-06 7.8196747989485359e+08 6.9153342844151640e-17
1.2208182660840159e-06 7.8951562471602583e+08 6.9121434414794079e-17
1.2326025324501435e-06 7.9713662997155595e+08 6.9089545852693952e-17
1.2445005495174625e-06 8.0483119896577489e+08 6.9057601077467019e-17
1.2565134152942455e-06 8.1260004179183233e+08 6.9025745534860635e-17
1.2686422383875819e-06 8.2044387539724016e+08 6.8993914218069458e-17
1.2808881381056738e-06 8.2836342365002966e+08 6.8962020445031229e-17
1.2932522445611536e-06 8.3635941740556693e+08 6.8930211800898602e-17
1.3057356987753445e-06 8.4443259457397974e+08 6.8898368081196840e-17
1.3183396527835804e-06 8.5258370018826914e+08 6.8866623200434592e-17
1.3310652697415108e-06 8.6081348647305739e+08 6.8834967994624854e-17
1.3439137240324651e-06 8.6912271291402209e+08 6.8803313859126259e-17
1.3568862013757964e-06 8.7751214632796311e+08 6.8771651268907953e-17
1.3699838989363291e-06 8.8598256093358302e+08 6.8740001682307457e-17
1.3832080254348271e-06 8.9453473842292833e+08 6.8708457086141659e-17
1.3965598012595629e-06 9.0316946803354275e+08 6.8676997291004405e-17
1.4100404585789085e-06 9.1188754662128019e+08 6.8645461789464510e-17
1.4236512414550668e-06 9.2068977873385644e+08 6.8614073396887543e-17
1.4373934059588706e-06 9.2957697668509054e+08 6.8582660938221930e-17
1.4512682202857200e-06 9.3854996062988317e+08 6.8551431714995454e-17
1.4652769648725850e-06 9.4760955863988280e+08 6.8520075212972625e-17
1.4794209325161923e-06 9.5675660677991891e+08 6.8488913974342972e-17
1.4937014284923200e-06 9.6599194918515050e+08 6.8457716243939686e-17
1.5081197706762789e-06 9.7531643813898325e+08 6.8426576619818754e-17
1.5226772896644958e-06 9.8473093415169823e+08 6.8395572654507821e-17
1.5373753288973333e-06 9.9423630603988039e+08 6.8364595441923726e-17
1.5522152447830548e-06 1.0038334310065891e+09 6.8333650556395431e-17
1.5671984068230278e-06 1.0135231947223266e+09 6.8302822427172724e-17
1.5823261977380684e-06 1.0233064914067488e+09 6.8271972148989105e-17
1.5976000135960727e-06 1.0331842239112033e+09 6.8241273787030307e-17
1.6130212639408391e-06 1.0431573038020415e+09 6.8210647286001176e-17
1.6285913719221748e-06 1.0532266514447595e+09 6.8180118249691936e-17
1.6443117744271909e-06 1.0633931960889081e+09 6.8149672802408182e-17
1.6601839222129324e-06 1.0736578759538655e+09 6.8119265268708317e-17
1.6762092800402486e-06 1.0840216383154130e+09 6.8089032535525650e-17
1.6923893268089939e-06 1.0944854395931714e+09 6.8058914486984945e-17
1.7087255556944691e-06 1.1050502454388371e+09 6.8028876803453506e-17
1.7252194742852446e-06 1.1157170308253160e+09 6.7999039076120863e-17
1.7418726047222768e-06 1.1264867801366897e+09 6.7969307265898747e-17
1.7586864838394031e-06 1.1373604872590766e+09 6.7939786506252716e-17
1.7756626633051311e-06 1.1483391556723268e+09 6.7910387238816876e-17
1.7928027097658580e-06 1.1594237985426452e+09 6.7881178851526734e-17
1.8101082049904379e-06 1.1706154388160830e+09 6.7852221470332070e-17
1.8275807460161812e-06 1.1819151093129582e+09 6.7823399285602525e-17
1.8452219452961956e-06 1.1933238528231428e+09 6.7794791491770917e-17
1.8630334308482213e-06 1.2048427222023137e+09 6.7766410117732900e-17
1.8810168464048534e-06 1.2164727804691069e+09 6.7738350783519349e-17
1.8991738515652694e-06 1.2282151009032373e+09 6.7710466220146592e-17
1.9175061219483367e-06 1.2400707671445174e+09 6.7682946123845003e-17
1.9360153493472774e-06 1.2520408732928801e+09 6.7655655857074723e-17
1.9547032418857808e-06 1.2641265240093374e+09 6.7628590822948666e-17
1.9735715241756692e-06 1.2763288346179454e+09 6.7601918767997582e-17
1.9926219374760055e-06 1.2886489312087009e+09 6.7575541249340470e-17
2.0118562398538100e-06 1.3010879507414773e+09 6.7549419408775500e-17
2.0312762063463262e-06 1.3136470411509650e+09 6.7523640396924469e-17
2.0508836291247840e-06 1.3263273614525781e+09 6.7498255843744097e-17
2.0706803176598196e-06 1.3391300818494332e+09 6.7473097759022650e-17
2.0906680988884489e-06 1.3520563838403327e+09 6.7448347405397094e-17
2.1108488173826968e-06 1.3651074603288198e+09 6.7423835616957754e-17
2.1312243355197774e-06 1.3782845157332339e+09 6.7399741844612405e-17
2.1517965336539923e-06 1.3915887660978816e+09 6.7375899349925473e-17
2.1725673102902455e-06 1.4050214392052479e+09 6.7352444848478953e-17
2.1935385822592796e-06 1.4185837746893258e+09 6.7329214661798340e-17
2.2147122848945204e-06 1.4322770241499813e+09 6.7306311620683251e-17
2.2360903722107099e-06 1.4461024512684789e+09 6.7283733573113176e-17
2.2576748170842201e-06 1.4600613319240909e+09 6.7261415299828329e-17
2.2794676114351520e-06 1.4741549543118641e+09 6.7239370765304100e-17
2.3014707664111082e-06 1.4883846190614655e+09 6.7217558669698835e-17
2.3236863125728244e-06 1.5027516393572352e+09 6.7196145368504728e-17
2.3461163000815457e-06 1.5172573410593605e+09 6.7174869185940191e-17
2.3687627988882602e-06 1.5319030628262589e+09 6.7153865695824202e-17
2.3916278989246685e-06 1.5466901562380779e+09 6.7133126036174923e-17
2.4147137102960909e-06 1.5616199859214509e+09 6.7112622821050787e-17
2.4380223634761796e-06 1.5766939296754186e+09 6.7092329221654336e-17
2.4615560095035686e-06 1.5919133785986059e+09 6.7072350725106221e-17
2.4853168201803221e-06 1.6072797372175598e+09 6.7052558723320596e-17
2.5093069882724005e-06 1.6227944236163919e+09 6.7032924121122860e-17
2.5335287277119974e-06 1.6384588695676341e+09 6.7013616374749310e-17
2.5579842738018958e-06 1.6542745206643953e+09 6.6994546125135632e-17
2.5826758834216900e-06 1.6702428364537287e+09 6.6975675050734130e-17
2.6076058352361015e-06 1.6863652905713518e+09 6.6957104255173827e-17
2.6327764299052482e-06 1.7026433708776286e+09 6.6938771394135496e-17
2.6581899902970000e-06 1.7190785795949032e+09 6.6920705411914403e-17
2.6838488617012816e-06 1.7356724334460917e+09 6.6902910578816551e-17
2.7097554120465507e-06 1.7524264637946799e+09 6.6885432840535251e-17
2.7359120321183012e-06 1.7693422167860320e+09 6.6868196604302683e-17
2.7623211357797395e-06 1.7864212534901040e+09 6.6851280500776269e-17
2.7889851601944807e-06 1.8036651500454650e+09 6.6834738358374284e-17
2.8159065660515105e-06 1.8210754978047800e+09 6.6818455929565601e-17
2.8430878377922424e-06 1.8386539034816518e+09 6.6802396346997655e-17
2.8705314838398440e-06 1.8564019892989280e+09 6.6786668066985596e-17
2.8982400368306556e-06 1.8743213931383624e+09 6.6771342980725059e-17
2.9262160538479602e-06 1.8924137686917958e+09 6.6756183219466361e-17
2.9544621166579426e-06 1.9106807856137536e+09 6.6741378741124809e-17
2.9829808319479951e-06 1.9291241296755588e+09 6.6726837441141909e-17
3.0117748315672016e-06 1.9477455029208591e+09 6.6712453785608718e-17
3.0408467727692673e-06 1.9665466238227289e+09 6.6698429233625381e-17
3.0701993384577194e-06 1.9855292274422438e+09 6.6684457930744966e-17
3.0998352374335468e-06 2.0046950655886326e+09 6.6670838355433534e-17
3.1297572046451078e-06 2.0240459069808948e+09 6.6657284923735667e-17
3.1599680014405771e-06 2.0435835374110591e+09 6.6643894244559530e-17
3.1904704158227461e-06 2.0633097599089687e+09 6.6630685992634423e-17
3.2212672627063709e-06 2.0832263949087071e+09 6.6617603009396106e-17
3.2523613841778647e-06 2.1033352804165466e+09 6.6604593698861684e-17
3.2837556497576351e-06 2.1236382721806028e+09 6.6591630473157837e-17
3.3154529566648682e-06 2.1441372438620744e+09 6.6578894121578943e-17
3.3474562300849531e-06 2.1648340872081890e+09 6.6566215138215610e-17
3.3797684234393544e-06 2.1857307122267318e+09 6.6553726558659836e-17
3.4123925186582186e-06 2.2068290473623433e+09 6.6541248873073840e-17
3.4453315264555369e-06 2.2281310396744704e+09 6.6528889267017548e-17
3.4785884866070435e-06 2.2496386550170846e+09 6.6516714405174417e-17
3.5121664682306555e-06 2.2713538782200484e+09 6.6504638127256831e-17
3.5460685700697688e-06 2.2932787132723212e+09 6.6492733949062416e-17
3.5802979207791893e-06 2.3154151835068779e+09 6.6480965868816182e-17
3.6148576792139222e-06 2.3377653317874699e+09 6.6469488429543060e-17
3.6497510347206021e-06 2.3603312206970963e+09 6.6458069088159552e-17
3.6849812074318741e-06 2.3831149327283835e+09 6.6446865033145689e-17
3.7205514485635417e-06 2.4061185704757528e+09 6.6435827434784980e-17
3.7564650407146567e-06 2.4293442568294930e+09 6.6424985211763318e-17
3.7927252981703737e-06 2.4527941351716180e+09 6.6414238892392652e-17
3.8293355672078558e-06 2.4764703695737014e+09 6.6403591613975293e-17
3.8662992264050724e-06 2.5003751449965744e+09 6.6393071574669049e-17
3.9036196869526324e-06 2.5245106674920001e+09 6.6382633062687372e-17
3.9413003929685131e-06 2.5488791644062014e+09 6.6372325347888369e-17
3.9793448218159502e-06 2.5734828845854516e+09 6.6362051158046104e-17
4.0177564844243169e-06 2.5983240985835872e+09 6.6351806469668060e-17
4.0565389256131965e-06 2.6234050988715887e+09 6.6341469311918125e-17
4.0956957244194183e-06 2.6487282000490789e+09 6.6331323809703279e-17
4.1352304944274125e-06 2.6742957390579667e+09 6.6321079884939695e-17
4.1751468841026573e-06 2.7001100753980904e+09 6.6310935787175544e-17
4.2154485771284464e-06 2.7261735913450089e+09 6.6300888019575014e-17
4.2561392927457367e-06 2.7524886921697826e+09 6.6290838388810073e-17
4.2972227860964393e-06 2.7790578063609891e+09 6.6280888143759792e-17
4.3387028485699378e-06 2.8058833858488131e+09 6.6271034900716297e-17
4.3805833081530428e-06 2.8329679062313690e+09 6.6261333231080157e-17
4.4228680297831485e-06 2.8603138670030918e+09 6.6251787710084989e-17
4.4655609157049828e-06 2.8879237917854490e+09 6.6242516282215300e-17
4.5086659058306920e-06 2.9158002285598111e+09 6.6233296830671740e-17
4.5521869781035026e-06 2.9439457499026370e+09 6.6224271633532846e-17
4.5961281488647223e-06 2.9723629532228155e+09 6.6215441140703496e-17
4.6404934732244538e-06 3.0010544610014124e+09 6.6206765448542537e-17
4.6852870454357902e-06 3.0300229210336628e+09 6.6198242437503793e-17
4.7305129992727286e-06 3.0592710066733737e+09 6.6189818348507768e-17
4.7761755084115358e-06 3.0888014170795569e+09 6.6181501923636774e-17
4.8222787868159954e-06 3.1186168774655738e+09 6.6173385227674408e-17
4.8688270891262555e-06 3.1487201393506041e+09 6.6165268562782119e-17
4.9158247110515479e-06 3.1791139808136225e+09 6.6157213698342043e-17
4.9632759897664933e-06 3.2098012067496948e+09 6.6149328975992278e-17
5.0111853043114426e-06 3.2407846491288815e+09 6.6141500510095989e-17
5.0595570759965555e-06 3.2720671672575579e+09 6.6133900862621719e-17
5.1083957688098973e-06 3.3036516480423388e+09 6.6126499017379933e-17
5.1577058898292853e-06 3.3355410062564182e+09 6.6119339255376083e-17
5.2074919896382937e-06 3.3677381848086100e+09 6.6112342963443715e-17
5.2577586627461742e-06 3.4002461550149083e+09 6.6105800629303121e-17
5.3085105480119370e-06 3.4330679168727517e+09 6.6099420487766168e-17
5.3597523290723223e-06 3.4662064993377919e+09 6.6093350461844650e-17
5.4114887347740998e-06 3.4996649606034665e+09 6.6087605942647408e-17
5.4637245396105219e-06 3.5334463883832622e+09 6.6082135776671159e-17
5.5164645641618225e-06 3.5675539001955833e+09 6.6076859945944753e-17
5.5697136755401580e-06 3.6019906436515069e+09 6.6071876371475053e-17
5.6234767878387356e-06 3.6367597967452302e+09 6.6067187435869560e-17
5.6777588625853922e-06 3.6718645681474133e+09 6.6062532219929475e-17
5.7325649092003382e-06 3.7073081975011997e+09 6.6058165720162453e-17
5.7878999854585383e-06 3.7430939557212486e+09 6.6053950017746153e-17
5.8437691979564254e-06 3.7792251452955585e+09 6.6050059415712739e-17
5.9001777025832564e-06 3.8157051005903006e+09 6.6046309454270396e-17
5.9571307049967813e-06 3.8525371881574383e+09 6.6042955497028575e-17
6.0146334611037405e-06 3.8897248070454693e+09 6.6039926567560343e-17
6.0726912775448606e-06 3.9272713891130772e+09 6.6037222965813309e-17
6.1313095121846708e-06 3.9651803993459039e+09 6.6034844838864190e-17
6.1904935746058133e-06 4.0034553361762195e+09 6.6032888990710325e-17
6.2502489266083599e-06 4.0420997318058381e+09 6.6031168379565867e-17
6.3105810827138023e-06 4.0811171525320573e+09 6.6029749353152737e-17
6.3714956106740687e-06 4.1205111990768371e+09 6.6028558165448817e-17
6.4329981319851817e-06 4.1602855069189944e+09 6.6027551955274616e-17
6.4950943224061483e-06 4.2004437466297698e+09 6.6026740372443696e-17
6.5577899124826902e-06 4.2409896242115312e+09 6.6025928714295259e-17
6.6210906880761933e-06 4.2819268814398522e+09 6.6025408917893363e-17
6.6850024908975007e-06 4.3232592962087173e+09 6.6025096290330014e-17
6.7495312190461144e-06 4.3649906828792353e+09 6.6024914411521833e-17
6.8146828275544523e-06 4.4071248926316099e+09 6.6025011681354772e-17
6.8804633289375202e-06 4.4496658138206215e+09 6.6025303490853232e-17
6.9468787937476006e-06 4.4926173723343506e+09 6.6025851724452138e-17
7.0139353511346002e-06 4.5359835319565554e+09 6.6026566135623390e-17
7.0816391894116087e-06 4.5797682947324314e+09 6.6027475036802773e-17
7.1499965566261064e-06 4.6239757013380127e+09 6.6028416493494996e-17
7.2190137611363927e-06 4.6686098314529552e+09 6.6029390094277910e-17
7.2886971721938703e-06 4.7136748041371059e+09 6.6030365026200394e-17
7.3590532205307683e-06 4.7591747782105885e+09 6.6031305116489250e-17
7.4300883989537234e-06 4.8051139526376810e+09 6.6032214064863495e-17
7.5018092629427932e-06 4.8514965669141998e+09 6.6033122931376780e-17
7.5742224312565417e-06 4.8983269014588184e+09 6.6034067481967175e-17
7.6473345865427926e-06 4.9456092780080462e+09 6.6035038037201953e-17
7.7211524759554637e-06 4.9933480600151405e+09 6.6036044135041030e-17
7.7956829117770419e-06 5.0415476530526686e+09 6.6037136171610418e-17
7.8709327720473722e-06 5.0902125052191544e+09 6.6038153767200517e-17
7.9469090011983430e-06 5.1393471075495300e+09 6.6039159928547839e-17
8.0236186106948763e-06 5.1889559944296761e+09 6.6039971589064597e-17
8.1010686796817885e-06 5.2390437440147505e+09 6.6040727638329498e-17
8.1792663556372168e-06 5.2896149786517677e+09 6.6041230730787637e-17
8.2582188550321613e-06 5.3406743653061295e+09 6.6041636532107159e-17
8.3379334639965904e-06 5.3922266159924021e+09 6.6041945110349417e-17
8.4184175389916355e-06 5.4442764882090359e+09 6.6042253633695634e-17
8.4996785074886239e-06 5.4968287853774939e+09 6.6042520251267679e-17
8.5817238686544466e-06 5.5498883572854958e+09 6.6042714790933422e-17
8.6645611940437641e-06 5.6034601005346670e+09 6.6042984722986380e-17
8.7481981282975325e-06 5.6575489589922886e+09 6.6043103870264771e-17
8.8326423898486358e-06 5.7121599242476320e+09 6.6043189549696368e-17
8.9179017716341003e-06 5.7672980360725584e+09 6.6043075533456770e-17
9.0039841418144235e-06 5.8229683828867140e+09 6.6042909330599115e-17
9.0908974444994565e-06 5.8791761022269688e+09 6.6042652983549240e-17
9.1786497004816763e-06 5.9359263812216282e+09 6.6042422981434801e-17
9.2672490079763202e-06 5.9932244570690832e+09 6.6042230451471298e-17
9.3567035433688621e-06 6.0510756175212183e+09 6.6042131171936255e-17
9.4470215619693539e-06 6.1094852013712473e+09 6.6042259898184949e-17
9.5382113987744207e-06 6.1684585989465008e+09 6.6042325711601924e-17
9.6302814692363708e-06 6.2280012526058245e+09 6.6042520251267679e-17
9.7232402700399834e-06 6.2881186572419252e+09 6.6042617521100495e-17
9.8170963798863726e-06 6.3488163607883177e+09 6.6042714790933422e-17
9.9118584602848466e-06 6.4100999647314148e+09 6.6042927184969260e-17
1.0007535256352144e-05 6.4719751246274099e+09 6.6043270328512064e-17
1.0104135597619648e-05 6.5344475506243076e+09 6.6043836086675578e-17
1.0201668398847967e-05 6.5975230079887218e+09 6.6044602024932106e-17
1.0300142660849804e-05 6.6612073176380329e+09 6.6045498009838331e-17
1.0399567471320502e-05 6.7255063566775122e+09 6.6046516976668930e-17
1.0499952005676884e-05 6.7904260589428062e+09 6.6047544399727517e-17
1.0601305527903747e-05 6.8559724155473719e+09 6.6048567007440521e-17
1.0703637391408954e-05 6.9221514754354792e+09 6.6049729988975418e-17
1.0806957039886533e-05 6.9889693459403772e+09 6.6050975864606521e-17
1.0911274008188360e-05 7.0564321933480272e+09 6.6052316329362006e-17
1.1016597923203817e-05 7.1245462434659872e+09 6.6053922649327159e-17
1.1122938504748396e-05 7.1933177821980715e+09 6.6055529452864995e-17
1.1230305566460589e-05 7.2627531561243916e+09 6.6057080123045406e-17
1.1338709016707727e-05 7.3328587730871639e+09 6.6058547594686368e-17
1.1448158859500100e-05 7.4036411027818813e+09 6.6059959896053921e-17
1.1558665195414366e-05 7.4751066773544903e+09 6.6061274318150086e-17
1.1670238222525575e-05 7.5472620920041456e+09 6.6062687012969213e-17
1.1782888237348502e-05 7.6201140055919724e+09 6.6064028650072435e-17
1.1896625635787571e-05 7.6936691412553959e+09 6.6065369669466691e-17
1.2011460914096417e-05 7.7679342870287056e+09 6.6066472637930037e-17
1.2127404669846466e-05 7.8429162964694319e+09 6.6067478922526017e-17
1.2244467602905103e-05 7.9186220892909479e+09 6.6068196274616810e-17
1.2362660516422822e-05 7.9950586520008688e+09 6.6068907532234847e-17
1.2481994317830384e-05 8.0722330385459242e+09 6.6069494396680571e-17
1.2602480019845335e-05 8.1501523709628716e+09 6.6069997598315964e-17
1.2724128741488482e-05 8.2288238400358820e+09 6.6070500553919987e-17
1.2846951709109729e-05 8.3082547059599447e+09 6.6070809142820618e-17
1.2970960257424304e-05 8.3884522990110064e+09 6.6070923042459722e-17
1.3096165830558662e-05 8.4694240202223749e+09 6.6070923042459722e-17
1.3222579983106842e-05 8.5511773420678682e+09 6.6070923042459722e-17
1.3350214381196446e-05 8.6337198091511974e+09 6.6070973329851700e-17
1.3479080803565468e-05 8.7170590389023628e+09 6.6071020312292624e-17
1.3609191142649170e-05 8.8012027222805538e+09 6.6071117582125440e-17
1.3740557405677837e-05 8.8861586244840603e+09 6.6071117582125440e-17
1.3873191715784482e-05 8.9719345856666565e+09 6.6071137637179484e-17
1.4007106313123891e-05 9.0585385216612873e+09 6.6071251448948098e-17
1.4142313556002053e-05 9.1459784247104912e+09 6.6071462868703790e-17
1.4278825922016921e-05 9.2342623642041321e+09 6.6071868639876389e-17
1.4416656009209528e-05 9.3233984874238415e+09 6.6072371717393750e-17
1.4555816537226785e-05 9.4133950202950115e+09 6.6072777592926964e-17
1.4696320348495479e-05 9.5042602681460381e+09 6.6073206314918392e-17
1.4838180409407087e-05 9.5960026164745445e+09 6.6073823446405792e-17
1.4981409811514636e-05 9.6886305317214012e+09 6.6074440373052515e-17
1.5126021772740695e-05 9.7821525620519543e+09 6.6075155002445743e-17
1.5272029638597477e-05 9.8765773381450691e+09 6.6075869061364765e-17
1.5419446883418026e-05 9.9719135739893665e+09 6.6076379607350627e-17
1.5568287111599971e-05 1.0068170067687551e+10 6.6076856502263572e-17
1.5718564058860865e-05 1.0165355702268267e+10 6.6077288504804886e-17
1.5870291593506054e-05 1.0263479446506029e+10 6.6077694359395889e-17
1.6023483717708103e-05 1.0362550355748661e+10 6.6077926470424916e-17
1.6178154568799275e-05 1.0462577572753130e+10 6.6077930506930889e-17
1.6334318420576046e-05 1.0563570328529207e+10 6.6077829200592125e-17
1.6491989684616623e-05 1.0665537943191517e+10 6.6077605226758184e-17
1.6651182911610544e-05 1.0768489826819391e+10 6.6077199495054835e-17
1.6811912792701717e-05 1.0872435480325445e+10 6.6076696338857018e-17
1.6974194160844084e-05 1.0977384496332283e+10 6.6076016485739010e-17
1.7138041992170748e-05 1.1083346560057936e+10 6.6075205563602999e-17
1.7303471407375622e-05 1.1190331450209389e+10 6.6074393173416158e-17
1.7470497673109134e-05 1.1298349039885183e+10 6.6073581712694102e-17
1.7639136203386963e-05 1.1407409297486481e+10 6.6072769981451835e-17
1.7809402561012792e-05 1.1517522287637161e+10 6.6072055581804226e-17
1.7981312459014120e-05 1.1628698172112373e+10 6.6071243969272275e-17
1.8154881762092605e-05 1.1740947210776499e+10 6.6070629178761893e-17
1.8330126488087988e-05 1.1854279762529875e+10 6.6070125949207148e-17
1.8507062809456618e-05 1.1968706286264977e+10 6.6069817513307223e-17
1.8685707054763457e-05 1.2084237341831316e+10 6.6069508966740110e-17
1.8866075710189283e-05 1.2200883591010151e+10 6.6069366725134138e-17
1.9048185421051930e-05 1.2318655798498308e+10 6.6069452452681455e-17
1.9232052993342758e-05 1.2437564832901812e+10 6.6069561264799880e-17
1.9417695395277081e-05 1.2557621667738583e+10 6.6069658534632684e-17
1.9605129758860421e-05 1.2678837382451330e+10 6.6069794501411947e-17
1.9794373381469363e-05 1.2801223163429922e+10 6.6070005775671835e-17
1.9985443727448176e-05 1.2924790305043928e+10 6.6070144883796924e-17
2.0178358429720002e-05 1.3049550210684597e+10 6.6070242153629838e-17
2.0373135291414464e-05 1.3175514393817444e+10 6.6070233775694335e-17
2.0569792287510445e-05 1.3302694479044649e+10 6.6070022519793201e-17
2.0768347566495240e-05 1.3431102203178061e+10 6.6069811233912307e-17
2.0968819452038899e-05 1.3560749416321995e+10 6.6069561264799880e-17
2.1171226444685558e-05 1.3691648082967043e+10 6.6069118712080842e-17
2.1375587223560577e-05 1.3823810283094103e+10 6.6068788266037597e-17
2.1581920648094716e-05 1.3957248213289402e+10 6.6068285180946715e-17
2.1790245759764027e-05 1.4091974187869728e+10 6.6067976739870532e-17
2.2000581783847470e-05 1.4228000640019073e+10 6.6067570892847835e-17
2.2212948131200921e-05 1.4365340122935921e+10 6.6067324058644364e-17
2.2427364400048873e-05 1.4504005310991947e+10 6.6067226788811486e-17
2.2643850377792522e-05 1.4644009000901327e+10 6.6067224644899971e-17
2.2862426042836182e-05 1.4785364112901913e+10 6.6067226788811486e-17
2.3083111566430840e-05 1.4928083691947456e+10 6.6067355428431506e-17
2.3305927314536022e-05 1.5072180908911709e+10 6.6067566766316674e-17
2.3530893849698695e-05 1.5217669061803528e+10 6.6067778058221766e-17
2.3758031932951260e-05 1.5364561576994326e+10 6.6067989342234600e-17
2.3987362525727302e-05 1.5512872010457003e+10 6.6068102217307149e-17
2.4218906791796390e-05 1.5662614049017202e+10 6.6068181678039355e-17
2.4452686099216607e-05 1.5813801511616037e+10 6.6068004947474272e-17
2.4688722022306873e-05 1.5966448350585608e+10 6.6067759138522467e-17
2.4927036343637749e-05 1.6120568652936468e+10 6.6067450559835822e-17
2.5167651056042033e-05 1.6276176641657911e+10 6.6066947480705622e-17
2.5410588364643761e-05 1.6433286677030142e+10 6.6066245806386466e-17
2.5655870688907828e-05 1.6591913257949776e+10 6.6065649598533821e-17
2.5903520664708738e-05 1.6752071023267738e+10 6.6065011457748583e-17
2.6153561146419999e-05 1.6913774753140482e+10 6.6064448816939268e-17
2.6406015209022587e-05 1.7077039370393566e+10 6.6064016884327417e-17
2.6660906150234846e-05 1.7241879941899075e+10 6.6063637147533034e-17
2.6918257492662319e-05 1.7408311679965935e+10 6.6063523220385414e-17
2.7178092985968951e-05 1.7576349943744061e+10 6.6063457359660870e-17
2.7440436609068156e-05 1.7746010240641342e+10 6.6063571404383265e-17
2.7705312572336219e-05 1.7917308227755051e+10 6.6063725074828932e-17
2.7972745319846214e-05 1.8090259713316578e+10 6.6063919614494539e-17
2.8242759531624374e-05 1.8264880658150616e+10 6.6064114154160343e-17
2.8515380125926972e-05 1.8441187177147652e+10 6.6064308693825950e-17
2.8790632261540358e-05 1.8619195540751434e+10 6.6064433175184950e-17
2.9068541340102482e-05 1.8798922176460316e+10 6.6064503233491644e-17
2.9349133008447599e-05 1.8980383670343601e+10 6.6064442581863211e-17
2.9632433160972359e-05 1.9163596768571716e+10 6.6064503233491644e-17
2.9918467942025915e-05 1.9348578378961929e+10 6.6064409115840891e-17
3.0207263748322462e-05 1.9535345572538551e+10 6.6064503233491644e-17
3.0498847231377721e-05 1.9723915585108631e+10 6.6064697773157374e-17
3.0793245299967738e-05 1.9914305818852104e+10 6.6064892312823030e-17
3.1090485122612650e-05 2.0106533843928059e+10 6.6065247930886969e-17
3.1390594130083696e-05 2.0300617400096035e+10 6.6065653773867628e-17
3.1693600017935154e-05 2.0496574398353477e+10 6.6066059550841251e-17
3.1999530749059485e-05 2.0694422922588150e+10 6.6066368155687190e-17
3.2308414556268365e-05 2.0894181231247337e+10 6.6066579413466343e-17
3.2620279944897914e-05 2.1095867759022652e+10 6.6066643169814332e-17
3.2935155695439840e-05 2.1299501118551632e+10 6.6066478947498230e-17
3.3253070866196634e-05 2.1505100102134895e+10 6.6066170449251743e-17
3.3574054795963767e-05 2.1712683683470715e+10 6.6065667257252768e-17
3.3898137106736940e-05 2.1922271019405846e+10 6.6065144388068386e-17
3.4225347706446289e-05 2.2133881451703762e+10 6.6064466610403213e-17
3.4555716791715633e-05 2.2347534508829082e+10 6.6063963557587922e-17
3.4889274850649683e-05 2.2563249907750107e+10 6.6063460407047556e-17
3.5226052665647421e-05 2.2781047555758213e+10 6.6063141455831815e-17
3.5566081316243349e-05 2.3000947552305378e+10 6.6062849646333195e-17
3.5909392181974861e-05 2.3222970190858498e+10 6.6062752376500416e-17
3.6256016945278649e-05 2.3447135960772530e+10 6.6062615336477223e-17
3.6605987594414240e-05 2.3673465549181179e+10 6.6062404063636385e-17
3.6959336426416595e-05 2.3901979842906384e+10 6.6062192812425337e-17
3.7316096050075791e-05 2.4132699930385284e+10 6.6061884304983209e-17
3.7676299388946892e-05 2.4365647103616753e+10 6.6061575716184834e-17
3.8039979684387989e-05 2.4600842860126122e+10 6.6061196059174783e-17
3.8407170498628521e-05 2.4838308904949497e+10 6.6061001519509126e-17
3.8777905717865621e-05 2.5078067152636192e+10 6.6060904249676212e-17
3.9152219555391765e-05 2.5320139729271416e+10 6.6060980615726783e-17
3.9530146554752616e-05 2.5564548974518490e+10 6.6061191837991468e-17
3.9911721592933943e-05 2.5811317443679844e+10 6.6061415648592894e-17
4.0296979883580860e-05 2.6060467909778946e+10 6.6061711727921045e-17
4.0685956980247211e-05 2.6312023365661701e+10 6.6061922968066446e-17
4.1078688779677257e-05 2.6566007026118767e+10 6.6062036953504687e-17
4.1475211525117468e-05 2.6822442330027294e+10 6.6061974217837643e-17
4.1875561809661829e-05 2.7081352942514416e+10 6.6061780725623863e-17
4.2279776579628524e-05 2.7342762757140945e+10 6.6061569467740715e-17
4.2687893137970258e-05 2.7606695898106869e+10 6.6061390598840550e-17
4.3099949147715639e-05 2.7873176722476944e+10 6.6061293329007636e-17
4.3515982635445661e-05 2.8142229822428967e+10 6.6061293329007636e-17
4.3936031994802635e-05 2.8413880027523018e+10 6.6061293329007636e-17
4.4360135990034021e-05 2.8688152406993320e+10 6.6061390598840550e-17
4.4788333759568748e-05 2.8965072272061062e+10 6.6061390598840550e-17
4.5220664819629819e-05 2.9244665178270714e+10 6.6061293329007636e-17
4.5657169067880660e-05 2.9526956927848160e+10 6.6061098789341992e-17
4.6097886787107866e-05 2.9811973572082367e+10 6.6060806979843359e-17
4.6542858648937572e-05 3.0099741413728794e+10 6.6060526650480361e-17
4.6992125717589537e-05 3.0390287009437210e+10 6.6060417900511948e-17
4.7445729453666440e-05 3.0683637172202251e+10 6.6060320630679157e-17
4.7903711717980786e-05 3.0979818973838333e+10 6.6060320630679157e-17
4.8366114775416917e-05 3.1278859747477249e+10 6.6060320630679157e-17
4.8832981298832153e-05 3.1580787090091087e+10 6.6060320630679157e-17
4.9304354372994498e-05 3.1885628865038769e+10 6.6060134441613839e-17
4.9780277498559519e-05 3.2193413204637936e+10 6.6059914795317575e-17
5.0260794596083569e-05 3.2504168512760365e+10 6.6059420069812860e-17
5.0745950010077817e-05 3.2817923467453739e+10 6.6059111553319675e-17
5.1235788513100178e-05 3.3134707023587925e+10 6.6058861583186376e-17
5.1730355309887999e-05 3.3454548415527634e+10 6.6058689029826389e-17
5.2229696041528428e-05 3.3777477159829472e+10 6.6058764313353561e-17
5.2733856789671408e-05 3.4103523057966454e+10 6.6058861583186376e-17
5.3242884080781703e-05 3.4432716199077927e+10 6.6058861583186376e-17
5.3756824890433620e-05 3.4765086962746910e+10 6.6058764313353561e-17
5.4275726647644729e-05 3.5100666021802849e+10 6.6058702636435510e-17
5.4799637239253825e-05 3.5439484345152809e+10 6.6058588626028071e-17
5.5328605014339595e-05 3.5781573200639145e+10 6.6058664910276540e-17
5.5862678788683554e-05 3.6126964157925652e+10 6.6058681692712880e-17
5.6401907849273517e-05 3.6475689091410080e+10 6.6058861583186376e-17
5.6946341958853080e-05 3.6827780183166267e+10 6.6058910752077006e-17
5.7496031360513409e-05 3.7183269925913750e+10 6.6058796762189035e-17
5.8051026782330901e-05 3.7542191126016945e+10 6.6058585477047427e-17
5.8611379442047273e-05 3.7904576906511818e+10 6.6058373245401934e-17
5.9177141051796998e-05 3.8270460710163193e+10 6.6057986154690750e-17
5.9748363822879197e-05 3.8639876302550758e+10 6.6057791615025032e-17
6.0325100470576909e-05 3.9012857775185722e+10 6.6057694345192155e-17
6.0907404219020396e-05 3.9389439548656013e+10 6.6057694345192155e-17
6.1495328806099976e-05 3.9769656375803406e+10 6.6057512361786047e-17
6.2088928488424687e-05 4.0153543344930374e+10 6.6057398365359849e-17
6.2688258046330418e-05 4.0541135883038872e+10 6.6057207996027927e-17
6.3293372788933707e-05 4.0932469759098717e+10 6.6057110726195136e-17
6.3904328559237045e-05 4.1327581087349190e+10 6.6057067820640532e-17
6.4521181739281747e-05 4.1726506330631508e+10 6.6057110726195136e-17
6.5143989255352314e-05 4.2129282303754478e+10 6.6057198583527626e-17
6.5772808583228198e-05 4.2535946176890923e+10 6.6057103457834417e-17
6.6407697753489091e-05 4.2946535479008614e+10 6.6056892135734676e-17
6.7048715356869673e-05 4.3361088101333290e+10 6.6056680876190015e-17
6.7695920549667792e-05 4.3779642300846138e+10 6.6056527107198019e-17
6.8349373059202025e-05 4.4202236703813301e+10 6.6056429837365166e-17
6.9009133189324779e-05 4.4628910309351196e+10 6.6056429837365166e-17
6.9675261825986754e-05 4.5059702493025177e+10 6.6056429837365166e-17
7.0347820442857081e-05 4.5494653010484070e+10 6.6056305409971217e-17
7.1026871106994542e-05 4.5933802001127884e+10 6.6056094138847101e-17
7.1712476484576750e-05 4.6377189991812843e+10 6.6056040758033780e-17
7.2404699846682620e-05 4.6824857900591026e+10 6.6056040758033780e-17
7.3103605075132462e-05 4.7276847040487221e+10 6.6056043932201643e-17
7.3809256668381682e-05 4.7733199123310394e+10 6.6055943488200976e-17
7.4521719747474091e-05 4.8193956263503807e+10 6.6055748948535258e-17
7.5241060062051043e-05 4.8659160982031136e+10 6.6055507368026470e-17
7.5967343996420338e-05 4.9128856210301353e+10 6.6055262599370945e-17
7.6700638575680690e-05 4.9603085294129448e+10 6.6055165329538079e-17
7.7441011471908404e-05 5.0081891997737373e+10 6.6055165329538079e-17
7.8188531010401710e-05 5.0565320507792412e+10 6.6055068059705325e-17
7.8943266175987602e-05 5.1053415437485817e+10 6.6054937361212971e-17
7.9705286619386126e-05 5.1546221830648651e+10 6.6054873520039558e-17
8.0474662663639350e-05 5.2043785165909500e+10 6.6054873520039558e-17
8.1251465310600514e-05 5.2546151360891052e+10 6.6054970789872398e-17
8.2035766247487725e-05 5.3053366776448456e+10 6.6054873520039558e-17
8.2827637853497639e-05 5.3565478220946434e+10 6.6054756432500064e-17
8.3627153206486320e-05 5.4082532954579880e+10 6.6054545143319612e-17
8.4434386089712527e-05 5.4604578693734795e+10 6.6054343210061321e-17
8.5249410998648143e-05 5.5131663615392693e+10 6.6054289901042466e-17
8.6072303147851018e-05 5.5663836361575302e+10 6.6054192631209650e-17
8.6903138477907423e-05 5.6201146043834335e+10 6.6054089120019275e-17
8.7741993662439588e-05 5.6743642247783348e+10 6.6053900821711128e-17
8.8588946115182915e-05 5.7291375037674614e+10 6.6053843252294781e-17
8.9444073997128011e-05 5.7844394961017982e+10 6.6053844400589138e-17
9.0307456223735102e-05 5.8402753053246521e+10 6.6053803551878189e-17
9.1179172472216172e-05 5.8966500842425880e+10 6.6053609012212471e-17
9.2059303188889285e-05 5.9535690354010490e+10 6.6053414472546864e-17
9.2947929596600491e-05 6.0110374115643349e+10 6.6053317202713913e-17
9.3845133702220824e-05 6.0690605162004417e+10 6.6053317202713913e-17
9.4750998304213722e-05 6.1276437039704491e+10 6.6053219932881171e-17
9.5665607000277407e-05 6.1867923812227715e+10 6.6053122663048268e-17
9.6589044195057613e-05 6.2465120064919373e+10 6.6053122663048268e-17
9.7521395107938192e-05 6.3068080910024239e+10 6.6053122663048268e-17
9.8462745780904975e-05 6.3676861991772133e+10 6.6053001674583192e-17
9.9413183086487653e-05 6.4291519491514099e+10 6.6052830853549685e-17
1.0037279473577442e-04 6.4912110132905502e+10 6.6052539044051114e-17
1.0134166928650759e-04 6.5538691187141571e+10 6.6052441774218299e-17
1.0231989615125748e-04 6.6171320478243484e+10 6.6052344504385458e-17
1.0330756560567116e-04 6.6810056388393021e+10 6.6052230347123193e-17
1.0430476879680542e-04 6.7454957863321472e+10 6.6052149964719826e-17
1.0531159775153728e-04 6.8106084417748856e+10 6.6052149964719826e-17
1.0632814538505845e-04 6.8763496140877380e+10 6.6052149964719826e-17
1.0735450550944750e-04 6.9427253701935104e+10 6.6052002424999055e-17
1.0839077284232892e-04 7.0097418355775879e+10 6.6051848080899109e-17
1.0943704301561330e-04 7.0774051948531693e+10 6.6051760885388403e-17
1.1049341258432448e-04 7.1457216923321320e+10 6.6051663615555550e-17
1.1155997903550752e-04 7.2146976326011154e+10 6.6051579956055155e-17
1.1263684079722706e-04 7.2843393811034500e+10 6.6051425656537153e-17
1.1372409724764971e-04 7.3546533647265366e+10 6.6051371806056930e-17
1.1482184872421720e-04 7.4256460723950729e+10 6.6051274536224102e-17
1.1593019653290313e-04 7.4973240556697021e+10 6.6051079996558408e-17
1.1704924295756388e-04 7.5696939293517410e+10 6.6050885456892752e-17
1.1817909126937690e-04 7.6427623720935715e+10 6.6050885456892752e-17
1.1931984573637307e-04 7.7165361270151001e+10 6.6050791946906140e-17
1.2047161163305611e-04 7.7910220023258606e+10 6.6050734913395952e-17
1.2163449525011980e-04 7.8662268719534332e+10 6.6050775176339062e-17
1.2280860390425610e-04 7.9421576761777466e+10 6.6050690917227034e-17
1.2399404594806072e-04 8.0188214222716827e+10 6.6050466789971331e-17
1.2519093078002956e-04 8.0962251851475555e+10 6.6050312503003219e-17
1.2639936885465650e-04 8.1743761080101440e+10 6.6050158196698266e-17
1.2761947169262567e-04 8.2532814030158417e+10 6.6050101252524974e-17
1.2885135189110523e-04 8.3329483519383560e+10 6.6049946964422467e-17
1.3009512313413523e-04 8.4133843068405167e+10 6.6050010028397126e-17
1.3135090020312121e-04 8.4945966907528885e+10 6.6050010028397126e-17
1.3261879898742536e-04 8.5765929983587326e+10 6.6049815488731408e-17
1.3389893649506392e-04 8.6593807966858047e+10 6.6049718218898592e-17
1.3519143086350183e-04 8.7429677258044556e+10 6.6049620949065653e-17
1.3649640137055724e-04 8.8273614995328476e+10 6.6049507685030528e-17
1.3781396844540783e-04 8.9125699061487396e+10 6.6049426409399972e-17
1.3914425367970719e-04 8.9986008091083847e+10 6.6049329139567119e-17
1.4048737983880216e-04 9.0854621477719833e+10 6.6049142170640097e-17
1.4184347087306475e-04 9.1731619381365173e+10 6.6049037330068609e-17
1.4321265192932954e-04 9.2617082735754288e+10 6.6048940060235732e-17
1.4459504936244541e-04 9.3511093255856689e+10 6.6048873955592388e-17
1.4599079074693243e-04 9.4413733445415787e+10 6.6048842790402842e-17
1.4740000488875770e-04 9.5325086604564270e+10 6.6048760078266277e-17
1.4882282183722079e-04 9.6245236837510635e+10 6.6048550980904345e-17
1.5025937289695780e-04 9.7174269060302338e+10 6.6048451554187148e-17
1.5170979064005533e-04 9.8112269008659973e+10 6.6048356441238627e-17
1.5317420891828711e-04 9.9059323245890854e+10 6.6048337572947373e-17
1.5465276287546535e-04 1.0001551917087679e+11 6.6048259171405811e-17
1.5614558895991505e-04 1.0098094502614127e+11 6.6048223538199729e-17
1.5765282493706225e-04 1.0195568990599054e+11 6.6047972038384523e-17
1.5917460990215042e-04 1.0293984376473723e+11 6.6047870092074425e-17
1.6071108429307527e-04 1.0393349742500098e+11 6.6047772822241473e-17
1.6226238990334804e-04 1.0493674258609172e+11 6.6047675552408657e-17
1.6382866989517672e-04 1.0594967183246959e+11 6.6047675552408657e-17
1.6541006881268041e-04 1.0697237864229074e+11 6.6047578282575829e-17
1.6700673259522738e-04 1.0800495739603317e+11 6.6047435512553944e-17
1.6861880859090570e-04 1.0904750338520834e+11 6.6047286473077332e-17
1.7024644557011719e-04 1.1010011282115253e+11 6.6047189203244492e-17
1.7188979373930938e-04 1.1116288284390744e+11 6.6047070013314881e-17
1.7354900475483607e-04 1.1223591153118390e+11 6.6046994663578737e-17
1.7522423173695553e-04 1.1331929790741475e+11 6.6046897393745896e-17
1.7691562928395712e-04 1.1441314195289058e+11 6.6046897393745896e-17
1.7862335348643122e-04 1.1551754461298825e+11 6.6046744800756332e-17
1.8034756194167256e-04 1.1663260780748572e+11 6.6046687817866165e-17
1.8208841376822691e-04 1.1775843443996954e+11 6.6046436274993859e-17
1.8384606962057120e-04 1.1889512840732854e+11 6.6046411044581681e-17
1.8562069170394220e-04 1.2004279460934383e+11 6.6046313774748755e-17
1.8741244378930424e-04 1.2120153895836842e+11 6.6046313774748755e-17
1.8922149122846591e-04 1.2237146838910349e+11 6.6046208282829374e-17
1.9104800096933475e-04 1.2355269086846368e+11 6.6046054028344952e-17
1.9289214157132745e-04 1.2474531540554301e+11 6.6045924695417430e-17
1.9475408322092340e-04 1.2594945206167358e+11 6.6045827425584540e-17
1.9663399774737380e-04 1.2716521196058476e+11 6.6045730155751761e-17
1.9853205863855410e-04 1.2839270729865512e+11 6.6045631559534752e-17
2.0044844105697736e-04 1.2963205135526849e+11 6.6045535616085981e-17
2.0238332185595776e-04 1.3088335850326697e+11 6.6045420321870528e-17
2.0433687959593450e-04 1.3214674421950789e+11 6.6045341076420362e-17
2.0630929456094547e-04 1.3342232509551743e+11 6.6045209106286805e-17
2.0830074877526813e-04 1.3471021884825238e+11 6.6045146536754656e-17
2.1031142602021582e-04 1.3601054433096262e+11 6.6045049266921705e-17
2.1234151185110141e-04 1.3732342154416158e+11 6.6044951997088877e-17
2.1439119361435618e-04 1.3864897164669730e+11 6.6044854727256061e-17
2.1646066046482256e-04 1.3998731696693567e+11 6.6044757457423245e-17
2.1855010338320846e-04 1.4133858101404846e+11 6.6044660187590343e-17
2.2065971519371548e-04 1.4270288848941364e+11 6.6044615639128503e-17
2.2278969058182850e-04 1.4408036529811996e+11 6.6044461335220490e-17
2.2494022611228547e-04 1.4547113856058841e+11 6.6044368378091797e-17
2.2711152024721591e-04 1.4687533662430243e+11 6.6044271108258931e-17
2.2930377336445945e-04 1.4829308907565463e+11 6.6044193152359132e-17
2.3151718777605226e-04 1.4972452675190244e+11 6.6044076568593226e-17
2.3375196774690112e-04 1.5116978175324445e+11 6.6043981878108723e-17
2.3600831951363198e-04 1.5262898745501022e+11 6.6043827602033240e-17
2.3828645130362651e-04 1.5410227851997141e+11 6.6043770634606128e-17
2.4058657335423257e-04 1.5558979091076517e+11 6.6043616372308371e-17
2.4290889793216963e-04 1.5709166190244409e+11 6.6043590219429035e-17
2.4525363935311604e-04 1.5860803009514337e+11 6.6043492949596170e-17
2.4762101400149116e-04 1.6013903542687399e+11 6.6043298409930489e-17
2.5001124035041824e-04 1.6168481918643317e+11 6.6043201140097550e-17
2.5242453898189021e-04 1.6324552402644562e+11 6.6043136889128128e-17
2.5486113260712428e-04 1.6482129397652707e+11 6.6043079916070965e-17
2.5732124608711864e-04 1.6641227445657864e+11 6.6043006600431869e-17
2.5980510645339785e-04 1.6801861229020288e+11 6.6042909330599115e-17
2.6231294292896847e-04 1.6964045571825616e+11 6.6042811667079262e-17
2.6484498694947053e-04 1.7127795441252753e+11 6.6042714790933422e-17
2.6740147218454056e-04 1.7293125948955417e+11 6.6042600438771002e-17
2.6998263455936842e-04 1.7460052352456287e+11 6.6042520251267679e-17
2.7258871227647357e-04 1.7628590056555252e+11 6.6042422981434801e-17
2.7521994583769066e-04 1.7798754614751263e+11 6.6042325711601924e-17
2.7787657806635751e-04 1.7970561730677255e+11 6.6042228441769083e-17
2.8055885412972868e-04 1.8144027259549640e+11 6.6042033902103439e-17
2.8326702156159823e-04 1.8319167209631366e+11 6.6041966670389819e-17
2.8600133028514849e-04 1.8495997743709537e+11 6.6041839362437672e-17
2.8876203263600650e-04 1.8674535180586536e+11 6.6041755419027679e-17
2.9154938338553599e-04 1.8854795996586322e+11 6.6041698453116770e-17
2.9436363976434660e-04 1.9036796827074780e+11 6.6041547552939187e-17
2.9720506148603684e-04 1.9220554467995236e+11 6.6041450283106285e-17
3.0007391077115504e-04 1.9406085877417999e+11 6.6041353013273420e-17
3.0297045237140261e-04 1.9593408177105643e+11 6.6041275924694878e-17
3.0589495359406468e-04 1.9782538654092944e+11 6.6041158473607751e-17
3.0884768432668305e-04 1.9973494762282516e+11 6.6041064707339225e-17
3.1182891706195610e-04 2.0166294124055087e+11 6.6041007743195340e-17
3.1483892692288980e-04 2.0360954531896078e+11 6.6040866664109230e-17
3.1787799168818534e-04 2.0557493950037424e+11 6.6040769394276402e-17
3.2094639181787926e-04 2.0755930516115744e+11 6.6040672124443487e-17
3.2404441047921773e-04 2.0956282542845676e+11 6.6040585243251635e-17
3.2717233357279366e-04 2.1158568519710175e+11 6.6040477584777868e-17
3.3033044975892882e-04 2.1362807114666675e+11 6.6040373941815847e-17
3.3351905048431785e-04 2.1569017175870184e+11 6.6040283045112125e-17
3.3673843000891650e-04 2.1777217733412183e+11 6.6040162712490598e-17
3.3998888543310270e-04 2.1987428001077148e+11 6.6040088505446395e-17
3.4327071672509189e-04 2.2199667378115527e+11 6.6039991235613567e-17
3.4658422674862507e-04 2.2413955451034366e+11 6.6039893965780665e-17
3.4992972129091015e-04 2.2630311995404294e+11 6.6039796695947898e-17
3.5330750909084703e-04 2.2848756977684875e+11 6.6039683225739379e-17
3.5671790186751691e-04 2.3069310557067038e+11 6.6039602156282143e-17
3.6016121434895521e-04 2.3291993087333841e+11 6.6039471995503304e-17
3.6363776430118678e-04 2.3516825118738239e+11 6.6039407616616511e-17
3.6714787255755796e-04 2.3743827399899963e+11 6.6039310346783683e-17
3.7069186304834045e-04 2.3973020879720102e+11 6.6039203760148330e-17
3.7427006283063225e-04 2.4204426709314758e+11 6.6039115807117903e-17
3.7788280211853041e-04 2.4438066243966409e+11 6.6038992484620262e-17
3.8153041431361108e-04 2.4673961045095047e+11 6.6038921267452272e-17
3.8521323603569471e-04 2.4912132882247791e+11 6.6038726727786541e-17
3.8893160715391668e-04 2.5152603735108295e+11 6.6038629457953726e-17
3.9268587081808305e-04 2.5395395795524518e+11 6.6038570021645094e-17
3.9647637349034460e-04 2.5640531469557132e+11 6.6038434918288008e-17
4.0030346497716627e-04 2.5888033379547021e+11 6.6038358795473464e-17
4.0416749846161626e-04 2.6137924366203445e+11 6.6038301761709350e-17
4.0806883053594935e-04 2.6390227490711230e+11 6.6038240378622302e-17
4.1200782123452145e-04 2.6644966036859406e+11 6.6038045838956535e-17
4.1598483406701244e-04 2.6902163513189737e+11 6.6037948569123756e-17
4.2000023605197903e-04 2.7161843655166632e+11 6.6037879261742472e-17
4.2405439775071506e-04 2.7424030427366934e+11 6.6037822290519423e-17
4.2814769330145556e-04 2.7688748025691907e+11 6.6037668030449089e-17
4.3228050045390049e-04 2.7956020879599951e+11 6.6037611045545947e-17
4.3645320060408272e-04 2.8225873654361517e+11 6.6037462219959479e-17
4.4066617882955412e-04 2.8498331253334662e+11 6.6037364950126614e-17
4.4491982392492986e-04 2.8773418820263702e+11 6.6037267680293786e-17
4.4921452843776444e-04 2.9051161741599384e+11 6.6037188557455383e-17
4.5355068870478574e-04 2.9331585648842145e+11 6.6037092705288468e-17
4.5792870488845931e-04 2.9614716420906793e+11 6.6036975870795215e-17
4.6234898101392533e-04 2.9900580186511230e+11 6.6036878600962338e-17
4.6681192500627934e-04 3.0189203326587476e+11 6.6036781331129485e-17
4.7131794872822669e-04 3.0480612476716760e+11 6.6036684061296706e-17
4.7586746801807860e-04 3.0774834529586816e+11 6.6036586791463841e-17
4.8046090272813578e-04 3.1071896637474176e+11 6.6036489521631025e-17
4.8509867676343094e-04 3.1371826214749670e+11 6.6036392251798135e-17
4.8978121812085645e-04 3.1674650940408875e+11 6.6036286574409149e-17
4.9450895892864998e-04 3.1980398760625690e+11 6.6036197712132380e-17
4.9928233548628175e-04 3.2289097891331860e+11 6.6036100442299515e-17
5.0410178830471455e-04 3.2600776820820654e+11 6.6036003172466711e-17
5.0896776214706338e-04 3.2915464312376385e+11 6.6035905902633821e-17
5.1388070606962972e-04 3.3233189406928076e+11 6.6035808632801006e-17
5.1884107346334969e-04 3.3553981425730023e+11 6.6035711362968214e-17
5.2384932209563137e-04 3.3877869973067413e+11 6.6035614093135362e-17
5.2890591415260852e-04 3.4204884938988940e+11 6.6035516823302447e-17
5.3401131628178042e-04 3.4535056502064343e+11 6.6035419553469594e-17
5.3916599963508519e-04 3.4868415132170038e+11 6.6035230354276784e-17
5.4437043991237548e-04 3.5204991593300684e+11 6.6035127743971073e-17
5.4962511740532741e-04 3.5544816946408862e+11 6.6035030474138183e-17
5.5493051704175091e-04 3.5887922552270667e+11 6.6034962087006040e-17
5.6028712843035026e-04 3.6234340074380377e+11 6.6034835934472576e-17
5.6569544590590298e-04 3.6584101481872272e+11 6.6034750858178587e-17
5.7115596857488854e-04 3.6937239052471454e+11 6.6034641394806809e-17
5.7666920036153501e-04 3.7293785375471741e+11 6.6034544124973956e-17
5.8223565005433259e-04 3.7653773354743750e+11 6.6034446855141164e-17
5.8785583135298274e-04 3.8017236211771130e+11 6.6034425616561039e-17
5.9353026291581389e-04 3.8384207488717004e+11 6.6034271358308475e-17
5.9925946840763222e-04 3.8754721051518512e+11 6.6034214383618136e-17
6.0504397654805736e-04 3.9128811093012726e+11 6.6034060113302052e-17
6.1088432116031006e-04 3.9506512136091827e+11 6.6034003145258716e-17
6.1678104122048639e-04 3.9887859036889697e+11 6.6033863236144035e-17
6.2273468090728217e-04 4.0272886987997626e+11 6.6033791871818615e-17
6.2874578965222208e-04 4.0661631521712738e+11 6.6033668696478366e-17
6.3481492219035960e-04 4.1054128513316748e+11 6.6033580628977628e-17
6.4094263861148013e-04 4.1450414184387366e+11 6.6033474156812685e-17
6.4712950441177437e-04 4.1850525106140015e+11 6.6033369380765397e-17
6.5337609054603443e-04 4.2254498202803479e+11 6.6033279617146918e-17
6.5968297348033994e-04 4.2662370755027100e+11 6.6033158125990497e-17
6.6605073524526729e-04 4.3074180403321918e+11 6.6033085077481249e-17
6.7247996348958707e-04 4.3489965151533301e+11 6.6032987807648397e-17
6.7897125153450492e-04 4.3909763370348804e+11 6.6032889911101670e-17
6.8552519842841149e-04 4.4333613800838855e+11 6.6032793267982654e-17
6.9214240900217629e-04 4.4761555558032709e+11 6.6032678655414094e-17
6.9882349392494825e-04 4.5193628134527075e+11 6.6032598728317022e-17
7.0556906976052176e-04 4.5629871404131439e+11 6.6032501458484132e-17
7.1237975902423134e-04 4.6070325625547412e+11 6.6032404188651316e-17
7.1925619024041146e-04 4.6515031446084802e+11 6.6032306918818427e-17
7.2619899800038280e-04 4.6964029905411572e+11 6.6032199188090202e-17
7.3320882302102390e-04 4.7417362439341785e+11 6.6032112379152746e-17
7.4028631220390937e-04 4.7875070883660071e+11 6.6032015109319954e-17
7.4743211869498995e-04 4.8337197477981287e+11 6.6031917839487102e-17
7.5464690194488161e-04 4.8803784869649371e+11 6.6031776680559418e-17
7.6193132776971565e-04 4.9274876117672656e+11 6.6031626029988481e-17
7.6928606841259654e-04 4.9750514696698376e+11 6.6031528760155678e-17
7.7671180260562120e-04 5.0230744501023529e+11 6.6031508434504951e-17
7.8420921563252769e-04 5.0715609848646436e+11 6.6031354199097035e-17
7.9177899939193112e-04 5.1205155485356238e+11 6.6031236950657058e-17
7.9942185246118761e-04 5.1699426588863104e+11 6.6031142928721449e-17
8.0713848016084359e-04 5.2198468772966174e+11 6.6031085956671797e-17
8.1492959461973923e-04 5.2702328091763885e+11 6.6030945141158598e-17
8.2279591484071997e-04 5.3211051043903644e+11 6.6030874710487136e-17
8.3073816676700442e-04 5.3724684576873810e+11 6.6030750601492843e-17
8.3875708334915633e-04 5.4243276091334961e+11 6.6030663470487934e-17
8.4685340461273986e-04 5.4766873445495111e+11 6.6030606463306275e-17
8.5502787772660446e-04 5.5295524959525867e+11 6.6030458791994272e-17
8.6328125707185266e-04 5.5829279420022571e+11 6.6030361522161493e-17
8.7161430431143634e-04 5.6368186084505200e+11 6.6030264252328554e-17
8.8002778846046079e-04 5.6912294685964990e+11 6.6030183973780624e-17
8.8852248595714658e-04 5.7461655437453625e+11 6.6030029709738067e-17
8.9709918073449784e-04 5.8016319036718042e+11 6.6029875459546774e-17
9.0575866429262405e-04 5.8576336670877661e+11 6.6029875172997155e-17
9.1450173577180055e-04 5.9141760021149182e+11 6.6029777903164351e-17
9.2332920202620812e-04 5.9712641267615442e+11 6.6029680633331499e-17
9.3224187769840906e-04 6.0289033094041870e+11 6.6029583363498609e-17
9.4124058529450425e-04 6.0870988692736926e+11 6.6029486093665793e-17
9.5032615526005192e-04 6.1458561769461926e+11 6.6029338982163607e-17
9.5949942605669963e-04 6.2051806548386792e+11 6.6029281990116208e-17
9.6876124423957535e-04 6.2650777777095142e+11 6.6029194284167247e-17
9.7811246453538949e-04 6.3255530731635120e+11 6.6029097014334394e-17
9.8755394992132840e-04 6.3866121221621594e+11 6.6028999744501504e-17
9.9708657170468696e-04 6.4482605595386035e+11 6.6028902474668688e-17
